image,window_number,row_pos,col_pos,contrast_ratio,kurtosis
auth.alipay.com_(Pixel 2).png,1,0,0,8.982063831227377,189.32630920410156
auth.alipay.com_(Pixel 2).png,2,0,80,9.938453616668632,133.75201416015625
auth.alipay.com_(Pixel 2).png,3,0,160,9.471923037131639,75.60114288330078
auth.alipay.com_(Pixel 2).png,4,0,240,5.681018037316582,106.37532043457031
auth.alipay.com_(Pixel 2).png,5,0,320,3.4197100968240237,180.81045532226562
auth.alipay.com_(Pixel 2).png,6,71,0,1.6937525662869624,103.92703247070312
auth.alipay.com_(Pixel 2).png,7,71,80,2.3009569362188693,86.8809814453125
auth.alipay.com_(Pixel 2).png,8,71,160,3.1783907840579064,41.27311706542969
auth.alipay.com_(Pixel 2).png,9,71,240,2.3528122639413573,61.45288848876953
auth.alipay.com_(Pixel 2).png,10,71,320,1.7108518413804872,127.33561706542969
auth.alipay.com_(Pixel 2).png,11,142,0,4.372024831322013,16.519527435302734
auth.alipay.com_(Pixel 2).png,12,142,80,4.463325868710135,32.05335998535156
auth.alipay.com_(Pixel 2).png,13,142,160,4.097763605057666,117.14266204833984
auth.alipay.com_(Pixel 2).png,14,142,240,3.496868647565021,34.53937911987305
auth.alipay.com_(Pixel 2).png,15,142,320,1.6764273970823556,241.4197998046875
auth.alipay.com_(Pixel 2).png,16,213,0,6.348631664990446,20.373886108398438
auth.alipay.com_(Pixel 2).png,17,213,80,3.503822144255761,125.66351318359375
auth.alipay.com_(Pixel 2).png,18,213,160,4.711412674115257,249.8453826904297
auth.alipay.com_(Pixel 2).png,19,213,240,9.471136182906355,247.89120483398438
auth.alipay.com_(Pixel 2).png,20,213,320,1.8437064656381177,242.52430725097656
auth.alipay.com_(Pixel 2).png,21,284,0,3.4205543140169916,122.99868774414062
auth.alipay.com_(Pixel 2).png,22,284,80,3.358764266552113,89.73970031738281
auth.alipay.com_(Pixel 2).png,23,284,160,4.095836279298425,71.47415161132812
auth.alipay.com_(Pixel 2).png,24,284,240,5.118436116727582,77.24348449707031
auth.alipay.com_(Pixel 2).png,25,284,320,1.9476099780625935,202.7835235595703
auth.alipay.com_(Pixel 2).png,26,355,0,2.7195565156075863,25.7587833404541
auth.alipay.com_(Pixel 2).png,27,355,80,2.6204533341063825,136.1941680908203
auth.alipay.com_(Pixel 2).png,28,355,160,2.281517077254594,118.25418853759766
auth.alipay.com_(Pixel 2).png,29,355,240,1.974240754453579,171.44723510742188
auth.alipay.com_(Pixel 2).png,30,355,320,1.7044658840737992,31.747661590576172
auth.alipay.com_(Pixel 2).png,31,426,0,7.082904504420765,193.0819091796875
auth.alipay.com_(Pixel 2).png,32,426,80,3.0787970088527703,99.53746795654297
auth.alipay.com_(Pixel 2).png,33,426,160,3.2191123252953155,165.09068298339844
auth.alipay.com_(Pixel 2).png,34,426,240,3.7744600399336026,123.90119934082031
auth.alipay.com_(Pixel 2).png,35,426,320,1.512652093359847,79.4997787475586
auth.alipay.com_(Pixel 2).png,36,497,0,3.040893959632182,71.83586120605469
auth.alipay.com_(Pixel 2).png,37,497,80,3.4276980858300625,20.404590606689453
auth.alipay.com_(Pixel 2).png,38,497,160,1.2503809715740843,19.24679946899414
auth.alipay.com_(Pixel 2).png,39,497,240,1.5606455820606906,78.60428619384766
auth.alipay.com_(Pixel 2).png,40,497,320,4.898786676202136,95.02034759521484
auth.alipay.com_(Pixel 2).png,41,568,0,1.8720005474997832,76.39138793945312
auth.alipay.com_(Pixel 2).png,42,568,80,3.403670985478009,23.574623107910156
auth.alipay.com_(Pixel 2).png,43,568,160,1.7018638055858815,19.49932098388672
auth.alipay.com_(Pixel 2).png,44,568,240,1.643488896311181,21.080171585083008
auth.alipay.com_(Pixel 2).png,45,568,320,1.8776781759463483,9.357450485229492
auth.alipay.com_(Pixel 2).png,46,639,0,2.4519178543489186,46.13245391845703
auth.alipay.com_(Pixel 2).png,47,639,80,2.1827228401021257,35.78071212768555
auth.alipay.com_(Pixel 2).png,48,639,160,1.5456135016164125,30.673507690429688
auth.alipay.com_(Pixel 2).png,49,639,240,1.5628359730484496,34.33940124511719
auth.alipay.com_(Pixel 2).png,50,639,320,1.6243958159566922,63.98939514160156
m.bilibili.com_(Pixel 2).png,1,0,0,2.5264251005396883,244.64776611328125
m.bilibili.com_(Pixel 2).png,2,0,80,3.086448322585516,237.47430419921875
m.bilibili.com_(Pixel 2).png,3,0,160,2.9246713914616818,191.9213104248047
m.bilibili.com_(Pixel 2).png,4,0,240,2.8243876463837068,246.39039611816406
m.bilibili.com_(Pixel 2).png,5,0,320,2.6284613072829868,191.0282440185547
m.bilibili.com_(Pixel 2).png,6,71,0,2.100417878055322,248.68580627441406
m.bilibili.com_(Pixel 2).png,7,71,80,2.32103122401648,246.1471710205078
m.bilibili.com_(Pixel 2).png,8,71,160,1.7873161074890895,239.98463439941406
m.bilibili.com_(Pixel 2).png,9,71,240,1.4569727413626932,248.94039916992188
m.bilibili.com_(Pixel 2).png,10,71,320,2.3209152761795337,250.0919189453125
m.bilibili.com_(Pixel 2).png,11,142,0,7.810713977522954,183.90541076660156
m.bilibili.com_(Pixel 2).png,12,142,80,7.14010891812126,117.06461334228516
m.bilibili.com_(Pixel 2).png,13,142,160,8.976859811682868,224.73880004882812
m.bilibili.com_(Pixel 2).png,14,142,240,10.452647533234193,245.0814971923828
m.bilibili.com_(Pixel 2).png,15,142,320,8.691669224249155,243.4496612548828
m.bilibili.com_(Pixel 2).png,16,213,0,8.134090268390942,128.03524780273438
m.bilibili.com_(Pixel 2).png,17,213,80,7.697892320092296,53.70783996582031
m.bilibili.com_(Pixel 2).png,18,213,160,6.909094831071619,98.89786529541016
m.bilibili.com_(Pixel 2).png,19,213,240,3.793037146836352,33.29181671142578
m.bilibili.com_(Pixel 2).png,20,213,320,5.881519503528687,98.64167785644531
m.bilibili.com_(Pixel 2).png,21,284,0,4.844493422708076,246.8733367919922
m.bilibili.com_(Pixel 2).png,22,284,80,6.785472699544696,249.1929931640625
m.bilibili.com_(Pixel 2).png,23,284,160,8.474113415825853,244.5
m.bilibili.com_(Pixel 2).png,24,284,240,9.85033343949612,245.00828552246094
m.bilibili.com_(Pixel 2).png,25,284,320,11.011469905330085,240.6243438720703
m.bilibili.com_(Pixel 2).png,26,355,0,11.352416605170449,246.01031494140625
m.bilibili.com_(Pixel 2).png,27,355,80,10.167270183861211,241.0127410888672
m.bilibili.com_(Pixel 2).png,28,355,160,6.415252422339878,246.84825134277344
m.bilibili.com_(Pixel 2).png,29,355,240,5.829384261821827,241.68455505371094
m.bilibili.com_(Pixel 2).png,30,355,320,4.725982857159575,242.7306671142578
m.bilibili.com_(Pixel 2).png,31,426,0,7.779584842842862,243.79336547851562
m.bilibili.com_(Pixel 2).png,32,426,80,5.857717482849029,223.0621337890625
m.bilibili.com_(Pixel 2).png,33,426,160,8.040652074079958,237.35348510742188
m.bilibili.com_(Pixel 2).png,34,426,240,7.7044933391398605,219.7275390625
m.bilibili.com_(Pixel 2).png,35,426,320,8.34257886190836,234.32945251464844
m.bilibili.com_(Pixel 2).png,36,497,0,4.552079393465795,250.0399627685547
m.bilibili.com_(Pixel 2).png,37,497,80,5.1029674909355505,249.8682861328125
m.bilibili.com_(Pixel 2).png,38,497,160,9.051263032394285,248.53611755371094
m.bilibili.com_(Pixel 2).png,39,497,240,15.817511731745729,243.75332641601562
m.bilibili.com_(Pixel 2).png,40,497,320,16.389617822329758,244.28530883789062
m.bilibili.com_(Pixel 2).png,41,568,0,8.479522193828707,147.51004028320312
m.bilibili.com_(Pixel 2).png,42,568,80,4.945155897566315,3.7973690032958984
m.bilibili.com_(Pixel 2).png,43,568,160,7.394280665986971,175.68618774414062
m.bilibili.com_(Pixel 2).png,44,568,240,6.690264118351609,120.93924713134766
m.bilibili.com_(Pixel 2).png,45,568,320,11.60106930084216,44.09856033325195
m.bilibili.com_(Pixel 2).png,46,639,0,9.081730014350477,250.6302490234375
m.bilibili.com_(Pixel 2).png,47,639,80,11.595876939471598,250.4863739013672
m.bilibili.com_(Pixel 2).png,48,639,160,7.486881120077142,249.6736297607422
m.bilibili.com_(Pixel 2).png,49,639,240,4.992323092092007,223.24266052246094
m.bilibili.com_(Pixel 2).png,50,639,320,6.623283594573445,248.99436950683594
m.facebook.com_(Pixel 2).png,1,0,0,4.4710675441298235,168.57070922851562
m.facebook.com_(Pixel 2).png,2,0,80,4.460085615390721,171.1222686767578
m.facebook.com_(Pixel 2).png,3,0,160,4.641814351327619,210.6318359375
m.facebook.com_(Pixel 2).png,4,0,240,4.583131290709015,209.40159606933594
m.facebook.com_(Pixel 2).png,5,0,320,4.557361400466329,221.32130432128906
m.facebook.com_(Pixel 2).png,6,71,0,6.3574874476396595,123.15347290039062
m.facebook.com_(Pixel 2).png,7,71,80,6.243470249572322,113.68785858154297
m.facebook.com_(Pixel 2).png,8,71,160,6.049445272467923,84.80496215820312
m.facebook.com_(Pixel 2).png,9,71,240,6.43265099762821,101.65237426757812
m.facebook.com_(Pixel 2).png,10,71,320,6.498549789439975,114.4384765625
m.facebook.com_(Pixel 2).png,11,142,0,3.1200350018542093,163.56228637695312
m.facebook.com_(Pixel 2).png,12,142,80,3.2122841064393537,241.89671325683594
m.facebook.com_(Pixel 2).png,13,142,160,3.1950635602245736,243.93397521972656
m.facebook.com_(Pixel 2).png,14,142,240,1.156337586842967,246.4635772705078
m.facebook.com_(Pixel 2).png,15,142,320,1.0868981570202458,222.36907958984375
m.facebook.com_(Pixel 2).png,16,213,0,4.172490785690579,141.29995727539062
m.facebook.com_(Pixel 2).png,17,213,80,4.155614980411692,122.13611602783203
m.facebook.com_(Pixel 2).png,18,213,160,4.167145304502872,126.84547424316406
m.facebook.com_(Pixel 2).png,19,213,240,4.155614980411692,122.13611602783203
m.facebook.com_(Pixel 2).png,20,213,320,4.162167349314,130.3787078857422
m.facebook.com_(Pixel 2).png,21,284,0,1.0,251.00392150878906
m.facebook.com_(Pixel 2).png,22,284,80,3.3337567627551126,224.24249267578125
m.facebook.com_(Pixel 2).png,23,284,160,3.25012896123289,130.33792114257812
m.facebook.com_(Pixel 2).png,24,284,240,3.2913834786672913,215.9258575439453
m.facebook.com_(Pixel 2).png,25,284,320,1.0,251.00392150878906
m.facebook.com_(Pixel 2).png,26,355,0,1.0,251.00392150878906
m.facebook.com_(Pixel 2).png,27,355,80,2.668711137496826,251.00010681152344
m.facebook.com_(Pixel 2).png,28,355,160,2.5350515574582224,250.9785614013672
m.facebook.com_(Pixel 2).png,29,355,240,2.3799091001218255,250.9998016357422
m.facebook.com_(Pixel 2).png,30,355,320,1.0,251.00392150878906
m.facebook.com_(Pixel 2).png,31,426,0,2.6437390137235415,251.00274658203125
m.facebook.com_(Pixel 2).png,32,426,80,2.8997351050801994,250.90640258789062
m.facebook.com_(Pixel 2).png,33,426,160,1.0,251.00392150878906
m.facebook.com_(Pixel 2).png,34,426,240,3.096063762754618,250.84902954101562
m.facebook.com_(Pixel 2).png,35,426,320,2.952739573165929,250.99588012695312
m.facebook.com_(Pixel 2).png,36,497,0,1.0,251.00392150878906
m.facebook.com_(Pixel 2).png,37,497,80,1.0,251.00392150878906
m.facebook.com_(Pixel 2).png,38,497,160,2.6305741182986275,250.98777770996094
m.facebook.com_(Pixel 2).png,39,497,240,1.0,251.00392150878906
m.facebook.com_(Pixel 2).png,40,497,320,1.0,251.00392150878906
m.facebook.com_(Pixel 2).png,41,568,0,1.0,251.00392150878906
m.facebook.com_(Pixel 2).png,42,568,80,1.0,251.00392150878906
m.facebook.com_(Pixel 2).png,43,568,160,1.0,251.00392150878906
m.facebook.com_(Pixel 2).png,44,568,240,1.0,251.00392150878906
m.facebook.com_(Pixel 2).png,45,568,320,1.0,251.00392150878906
m.facebook.com_(Pixel 2).png,46,639,0,1.0,251.00392150878906
m.facebook.com_(Pixel 2).png,47,639,80,1.0,251.00392150878906
m.facebook.com_(Pixel 2).png,48,639,160,1.0,251.00392150878906
m.facebook.com_(Pixel 2).png,49,639,240,1.0,251.00392150878906
m.facebook.com_(Pixel 2).png,50,639,320,1.0,251.00392150878906
m.weibo.cn_(Pixel 2).png,1,0,0,5.268397818031822,241.80133056640625
m.weibo.cn_(Pixel 2).png,2,0,80,1.6372656803064047,181.55064392089844
m.weibo.cn_(Pixel 2).png,3,0,160,7.110286046020185,185.46885681152344
m.weibo.cn_(Pixel 2).png,4,0,240,1.6040551241176146,177.79393005371094
m.weibo.cn_(Pixel 2).png,5,0,320,3.3460276859790117,228.6707763671875
m.weibo.cn_(Pixel 2).png,6,71,0,12.200167870427482,222.72232055664062
m.weibo.cn_(Pixel 2).png,7,71,80,2.715056854795835,227.33274841308594
m.weibo.cn_(Pixel 2).png,8,71,160,2.812342995650166,236.6620330810547
m.weibo.cn_(Pixel 2).png,9,71,240,1.0444877898416416,234.34327697753906
m.weibo.cn_(Pixel 2).png,10,71,320,1.5677546202874224,228.61392211914062
m.weibo.cn_(Pixel 2).png,11,142,0,7.483351786720193,250.00619506835938
m.weibo.cn_(Pixel 2).png,12,142,80,8.635688997758328,248.71656799316406
m.weibo.cn_(Pixel 2).png,13,142,160,9.265818462544596,248.86163330078125
m.weibo.cn_(Pixel 2).png,14,142,240,12.812137319207778,250.51882934570312
m.weibo.cn_(Pixel 2).png,15,142,320,1.0,251.00392150878906
m.weibo.cn_(Pixel 2).png,16,213,0,5.636817556158829,243.11351013183594
m.weibo.cn_(Pixel 2).png,17,213,80,5.19462288774962,88.05734252929688
m.weibo.cn_(Pixel 2).png,18,213,160,3.5127307013082274,0.5314419269561768
m.weibo.cn_(Pixel 2).png,19,213,240,14.909902021530506,249.1741485595703
m.weibo.cn_(Pixel 2).png,20,213,320,1.0,251.00392150878906
m.weibo.cn_(Pixel 2).png,21,284,0,3.698691652771961,247.28811645507812
m.weibo.cn_(Pixel 2).png,22,284,80,4.981969209115069,182.23683166503906
m.weibo.cn_(Pixel 2).png,23,284,160,7.838132226276942,17.609661102294922
m.weibo.cn_(Pixel 2).png,24,284,240,13.971584726897676,249.84014892578125
m.weibo.cn_(Pixel 2).png,25,284,320,1.0,251.00392150878906
m.weibo.cn_(Pixel 2).png,26,355,0,4.493629921552051,237.24510192871094
m.weibo.cn_(Pixel 2).png,27,355,80,3.3552075418787823,48.09540557861328
m.weibo.cn_(Pixel 2).png,28,355,160,3.883428952500841,-0.7613353729248047
m.weibo.cn_(Pixel 2).png,29,355,240,12.948868255754155,249.73867797851562
m.weibo.cn_(Pixel 2).png,30,355,320,1.0,251.00392150878906
m.weibo.cn_(Pixel 2).png,31,426,0,6.402703955833051,250.8382110595703
m.weibo.cn_(Pixel 2).png,32,426,80,5.525303555015163,250.8076629638672
m.weibo.cn_(Pixel 2).png,33,426,160,4.894320249114145,250.81309509277344
m.weibo.cn_(Pixel 2).png,34,426,240,16.115127765727678,250.8694610595703
m.weibo.cn_(Pixel 2).png,35,426,320,1.63862670078002,250.80624389648438
m.weibo.cn_(Pixel 2).png,36,497,0,5.649921320485984,250.768310546875
m.weibo.cn_(Pixel 2).png,37,497,80,4.286220433086354,250.7992706298828
m.weibo.cn_(Pixel 2).png,38,497,160,5.4645136383762,250.98231506347656
m.weibo.cn_(Pixel 2).png,39,497,240,5.923847081992301,250.98521423339844
m.weibo.cn_(Pixel 2).png,40,497,320,1.6238257852239533,250.52426147460938
m.weibo.cn_(Pixel 2).png,41,568,0,10.230094082436269,237.3524627685547
m.weibo.cn_(Pixel 2).png,42,568,80,7.468627023298077,246.5902099609375
m.weibo.cn_(Pixel 2).png,43,568,160,1.0,251.00392150878906
m.weibo.cn_(Pixel 2).png,44,568,240,1.0,251.00392150878906
m.weibo.cn_(Pixel 2).png,45,568,320,1.0,251.00392150878906
m.weibo.cn_(Pixel 2).png,46,639,0,8.895642404835257,234.17115783691406
m.weibo.cn_(Pixel 2).png,47,639,80,7.252377995970203,183.19631958007812
m.weibo.cn_(Pixel 2).png,48,639,160,2.578921574576077,233.68670654296875
m.weibo.cn_(Pixel 2).png,49,639,240,2.3375015305536486,247.52777099609375
m.weibo.cn_(Pixel 2).png,50,639,320,1.0,251.00392150878906
main.m.taobao.com_(Pixel 2).png,1,0,0,1.981089589934628,243.5447235107422
main.m.taobao.com_(Pixel 2).png,2,0,80,2.780415135958041,247.71934509277344
main.m.taobao.com_(Pixel 2).png,3,0,160,3.180405843639784,244.75653076171875
main.m.taobao.com_(Pixel 2).png,4,0,240,2.783275019974395,244.58151245117188
main.m.taobao.com_(Pixel 2).png,5,0,320,2.6193951652366065,246.43069458007812
main.m.taobao.com_(Pixel 2).png,6,71,0,1.6843584829511193,0.3984551429748535
main.m.taobao.com_(Pixel 2).png,7,71,80,5.766760697060741,13.35502815246582
main.m.taobao.com_(Pixel 2).png,8,71,160,4.900458739229777,22.145893096923828
main.m.taobao.com_(Pixel 2).png,9,71,240,4.978829662135836,170.15892028808594
main.m.taobao.com_(Pixel 2).png,10,71,320,7.494934773832625,152.17564392089844
main.m.taobao.com_(Pixel 2).png,11,142,0,3.331800493956043,250.49404907226562
main.m.taobao.com_(Pixel 2).png,12,142,80,3.5420168434880233,248.24368286132812
main.m.taobao.com_(Pixel 2).png,13,142,160,3.8931986983773736,248.94168090820312
main.m.taobao.com_(Pixel 2).png,14,142,240,2.9231116687279672,249.94752502441406
main.m.taobao.com_(Pixel 2).png,15,142,320,3.519945591018712,244.67831420898438
main.m.taobao.com_(Pixel 2).png,16,213,0,2.408195586011602,250.88702392578125
main.m.taobao.com_(Pixel 2).png,17,213,80,1.7800843851690136,249.3074493408203
main.m.taobao.com_(Pixel 2).png,18,213,160,1.7104554454853187,250.98097229003906
main.m.taobao.com_(Pixel 2).png,19,213,240,3.4887529174897574,250.0736541748047
main.m.taobao.com_(Pixel 2).png,20,213,320,4.857352841975012,250.85719299316406
main.m.taobao.com_(Pixel 2).png,21,284,0,2.7892378950422803,234.9108123779297
main.m.taobao.com_(Pixel 2).png,22,284,80,1.8363529000677237,238.10464477539062
main.m.taobao.com_(Pixel 2).png,23,284,160,2.1645132428538405,237.40370178222656
main.m.taobao.com_(Pixel 2).png,24,284,240,2.2256985091556083,238.4505157470703
main.m.taobao.com_(Pixel 2).png,25,284,320,2.7195440145853254,235.87538146972656
main.m.taobao.com_(Pixel 2).png,26,355,0,9.89749427591818,108.0235366821289
main.m.taobao.com_(Pixel 2).png,27,355,80,3.9991786973455734,165.0873260498047
main.m.taobao.com_(Pixel 2).png,28,355,160,5.866215874494152,232.96107482910156
main.m.taobao.com_(Pixel 2).png,29,355,240,3.3877335769792682,250.78326416015625
main.m.taobao.com_(Pixel 2).png,30,355,320,9.062210638474852,247.77601623535156
main.m.taobao.com_(Pixel 2).png,31,426,0,9.822219789400137,132.42869567871094
main.m.taobao.com_(Pixel 2).png,32,426,80,6.102070399928695,164.27301025390625
main.m.taobao.com_(Pixel 2).png,33,426,160,4.533258395819651,239.04354858398438
main.m.taobao.com_(Pixel 2).png,34,426,240,4.301888382830766,250.4983367919922
main.m.taobao.com_(Pixel 2).png,35,426,320,9.128874786491401,246.2650146484375
main.m.taobao.com_(Pixel 2).png,36,497,0,4.281778689150436,233.19384765625
main.m.taobao.com_(Pixel 2).png,37,497,80,7.575752153161391,250.69253540039062
main.m.taobao.com_(Pixel 2).png,38,497,160,11.027817333306349,239.11827087402344
main.m.taobao.com_(Pixel 2).png,39,497,240,6.3290104747467675,250.9639892578125
main.m.taobao.com_(Pixel 2).png,40,497,320,5.621912330508546,248.53347778320312
main.m.taobao.com_(Pixel 2).png,41,568,0,8.917511659433679,233.4546356201172
main.m.taobao.com_(Pixel 2).png,42,568,80,10.604501007519634,249.72084045410156
main.m.taobao.com_(Pixel 2).png,43,568,160,11.006121983549603,242.00462341308594
main.m.taobao.com_(Pixel 2).png,44,568,240,5.866518261650928,250.48475646972656
main.m.taobao.com_(Pixel 2).png,45,568,320,5.527164576570809,248.35105895996094
main.m.taobao.com_(Pixel 2).png,46,639,0,2.765639592544532,245.00387573242188
main.m.taobao.com_(Pixel 2).png,47,639,80,4.629537053156223,250.5473175048828
main.m.taobao.com_(Pixel 2).png,48,639,160,3.2492224816408903,250.4178466796875
main.m.taobao.com_(Pixel 2).png,49,639,240,2.206941009328531,250.63233947753906
main.m.taobao.com_(Pixel 2).png,50,639,320,10.63169706893689,250.06661987304688
mobile.twitter.com_(Pixel 2).png,1,0,0,12.84980596991069,244.59304809570312
mobile.twitter.com_(Pixel 2).png,2,0,80,4.28668729404692,153.57240295410156
mobile.twitter.com_(Pixel 2).png,3,0,160,4.33469462858725,136.16989135742188
mobile.twitter.com_(Pixel 2).png,4,0,240,1.318121398346934,128.53884887695312
mobile.twitter.com_(Pixel 2).png,5,0,320,4.692036605559971,231.95640563964844
mobile.twitter.com_(Pixel 2).png,6,71,0,6.366037428774243,216.17794799804688
mobile.twitter.com_(Pixel 2).png,7,71,80,7.32513614234175,218.17250061035156
mobile.twitter.com_(Pixel 2).png,8,71,160,7.032674240541553,227.92825317382812
mobile.twitter.com_(Pixel 2).png,9,71,240,8.512536388046442,213.06455993652344
mobile.twitter.com_(Pixel 2).png,10,71,320,9.361154592044072,212.98907470703125
mobile.twitter.com_(Pixel 2).png,11,142,0,8.610404008171084,1.4656620025634766
mobile.twitter.com_(Pixel 2).png,12,142,80,6.780931452138225,8.750218391418457
mobile.twitter.com_(Pixel 2).png,13,142,160,1.9425367791523918,2.244241714477539
mobile.twitter.com_(Pixel 2).png,14,142,240,5.778504664079327,0.273700475692749
mobile.twitter.com_(Pixel 2).png,15,142,320,5.952608975433597,-0.9230575561523438
mobile.twitter.com_(Pixel 2).png,16,213,0,11.5010498076666,83.6836166381836
mobile.twitter.com_(Pixel 2).png,17,213,80,12.216293030742984,85.36016845703125
mobile.twitter.com_(Pixel 2).png,18,213,160,12.812182807611867,90.2283706665039
mobile.twitter.com_(Pixel 2).png,19,213,240,12.357207987046179,79.9347152709961
mobile.twitter.com_(Pixel 2).png,20,213,320,13.832706354289815,53.21511459350586
mobile.twitter.com_(Pixel 2).png,21,284,0,11.00831305030483,88.79930114746094
mobile.twitter.com_(Pixel 2).png,22,284,80,9.75236918799571,72.18106842041016
mobile.twitter.com_(Pixel 2).png,23,284,160,7.1707414925718,119.08358764648438
mobile.twitter.com_(Pixel 2).png,24,284,240,1.4330171296616003,132.70120239257812
mobile.twitter.com_(Pixel 2).png,25,284,320,1.4524534634099722,115.9173355102539
mobile.twitter.com_(Pixel 2).png,26,355,0,9.05545282355956,246.04637145996094
mobile.twitter.com_(Pixel 2).png,27,355,80,9.171033006931655,249.81320190429688
mobile.twitter.com_(Pixel 2).png,28,355,160,1.2720293339584232,250.32357788085938
mobile.twitter.com_(Pixel 2).png,29,355,240,1.2700650477915936,250.3306121826172
mobile.twitter.com_(Pixel 2).png,30,355,320,1.2700650477915936,250.3306121826172
mobile.twitter.com_(Pixel 2).png,31,426,0,7.483587115970758,246.36769104003906
mobile.twitter.com_(Pixel 2).png,32,426,80,5.3705050514464245,246.12892150878906
mobile.twitter.com_(Pixel 2).png,33,426,160,3.8536058275830114,250.10003662109375
mobile.twitter.com_(Pixel 2).png,34,426,240,1.2685499508294606,250.3306121826172
mobile.twitter.com_(Pixel 2).png,35,426,320,1.2709139164924768,250.25967407226562
mobile.twitter.com_(Pixel 2).png,36,497,0,11.287697168725506,242.40306091308594
mobile.twitter.com_(Pixel 2).png,37,497,80,10.948801462927698,237.9404296875
mobile.twitter.com_(Pixel 2).png,38,497,160,12.731440302849796,247.3973388671875
mobile.twitter.com_(Pixel 2).png,39,497,240,11.84920513090757,250.164794921875
mobile.twitter.com_(Pixel 2).png,40,497,320,7.278354140979302,240.73629760742188
mobile.twitter.com_(Pixel 2).png,41,568,0,5.7785940058737735,150.0289306640625
mobile.twitter.com_(Pixel 2).png,42,568,80,5.660963357480339,120.88275146484375
mobile.twitter.com_(Pixel 2).png,43,568,160,5.584470038383952,75.46119689941406
mobile.twitter.com_(Pixel 2).png,44,568,240,5.771021826787422,119.77933502197266
mobile.twitter.com_(Pixel 2).png,45,568,320,5.36097433447434,109.43021392822266
mobile.twitter.com_(Pixel 2).png,46,639,0,2.2774026306804394,248.07484436035156
mobile.twitter.com_(Pixel 2).png,47,639,80,2.303069245677236,248.45828247070312
mobile.twitter.com_(Pixel 2).png,48,639,160,2.387288171585937,248.7200927734375
mobile.twitter.com_(Pixel 2).png,49,639,240,2.289047850558964,249.19598388671875
mobile.twitter.com_(Pixel 2).png,50,639,320,2.2574007504985434,250.3357391357422
outlook.live.com_owa_(Pixel 2).png,1,0,0,4.762010661355339,154.5987091064453
outlook.live.com_owa_(Pixel 2).png,2,0,80,4.759692466896303,122.9608154296875
outlook.live.com_owa_(Pixel 2).png,3,0,160,4.767399625777994,128.7621612548828
outlook.live.com_owa_(Pixel 2).png,4,0,240,4.747835644415234,126.90312194824219
outlook.live.com_owa_(Pixel 2).png,5,0,320,4.703869580253968,183.1492156982422
outlook.live.com_owa_(Pixel 2).png,6,71,0,4.963447848637339,235.0554962158203
outlook.live.com_owa_(Pixel 2).png,7,71,80,3.595420772511523,244.99095153808594
outlook.live.com_owa_(Pixel 2).png,8,71,160,5.371735463777772,244.6133270263672
outlook.live.com_owa_(Pixel 2).png,9,71,240,2.93226119388421,247.07684326171875
outlook.live.com_owa_(Pixel 2).png,10,71,320,2.863010651180259,218.98883056640625
outlook.live.com_owa_(Pixel 2).png,11,142,0,6.735731926923828,31.20449447631836
outlook.live.com_owa_(Pixel 2).png,12,142,80,5.7732962826771805,6.450527191162109
outlook.live.com_owa_(Pixel 2).png,13,142,160,2.4016718877557484,6.472664833068848
outlook.live.com_owa_(Pixel 2).png,14,142,240,10.461334794997297,5.735231399536133
outlook.live.com_owa_(Pixel 2).png,15,142,320,15.325775818836313,36.3270149230957
outlook.live.com_owa_(Pixel 2).png,16,213,0,1.2801010238296302,16.000858306884766
outlook.live.com_owa_(Pixel 2).png,17,213,80,1.5132666519660052,7.057422637939453
outlook.live.com_owa_(Pixel 2).png,18,213,160,6.4251486190364995,2.307128429412842
outlook.live.com_owa_(Pixel 2).png,19,213,240,4.440141380571983,2.173837661743164
outlook.live.com_owa_(Pixel 2).png,20,213,320,1.2954419137946591,24.498201370239258
outlook.live.com_owa_(Pixel 2).png,21,284,0,1.2515924172479815,7.809223175048828
outlook.live.com_owa_(Pixel 2).png,22,284,80,1.3249809404495592,5.0118818283081055
outlook.live.com_owa_(Pixel 2).png,23,284,160,1.183709713897422,3.734470844268799
outlook.live.com_owa_(Pixel 2).png,24,284,240,4.956760932596584,-0.8220381736755371
outlook.live.com_owa_(Pixel 2).png,25,284,320,3.467041311477414,2.0308680534362793
outlook.live.com_owa_(Pixel 2).png,26,355,0,1.393162758226164,4.859806060791016
outlook.live.com_owa_(Pixel 2).png,27,355,80,1.1884439360519856,11.315205574035645
outlook.live.com_owa_(Pixel 2).png,28,355,160,1.268254836850969,7.988073348999023
outlook.live.com_owa_(Pixel 2).png,29,355,240,7.8011028496943355,6.508546829223633
outlook.live.com_owa_(Pixel 2).png,30,355,320,3.727910724976671,2.962592124938965
outlook.live.com_owa_(Pixel 2).png,31,426,0,11.586739019927244,12.600286483764648
outlook.live.com_owa_(Pixel 2).png,32,426,80,14.381890427087596,16.33285140991211
outlook.live.com_owa_(Pixel 2).png,33,426,160,15.246156345566849,6.126385688781738
outlook.live.com_owa_(Pixel 2).png,34,426,240,1.4248776669291114,26.46895980834961
outlook.live.com_owa_(Pixel 2).png,35,426,320,3.2816113381480054,2.5697288513183594
outlook.live.com_owa_(Pixel 2).png,36,497,0,15.601305201166612,46.480411529541016
outlook.live.com_owa_(Pixel 2).png,37,497,80,11.685987915268406,177.2116241455078
outlook.live.com_owa_(Pixel 2).png,38,497,160,14.667573168610545,29.544662475585938
outlook.live.com_owa_(Pixel 2).png,39,497,240,15.862050393154759,64.02303314208984
outlook.live.com_owa_(Pixel 2).png,40,497,320,1.337542807820975,97.83824920654297
outlook.live.com_owa_(Pixel 2).png,41,568,0,16.352962650428612,220.12222290039062
outlook.live.com_owa_(Pixel 2).png,42,568,80,14.886683175529365,219.39910888671875
outlook.live.com_owa_(Pixel 2).png,43,568,160,15.292924264732749,63.90978240966797
outlook.live.com_owa_(Pixel 2).png,44,568,240,15.96705415785016,204.175048828125
outlook.live.com_owa_(Pixel 2).png,45,568,320,1.0376692222677473,232.4078826904297
outlook.live.com_owa_(Pixel 2).png,46,639,0,4.579004693272602,251.0039825439453
outlook.live.com_owa_(Pixel 2).png,47,639,80,4.921812259979772,250.76986694335938
outlook.live.com_owa_(Pixel 2).png,48,639,160,5.126728314791407,250.40451049804688
outlook.live.com_owa_(Pixel 2).png,49,639,240,4.937021208186406,250.72830200195312
outlook.live.com_owa_(Pixel 2).png,50,639,320,4.575972975914071,251.0039825439453
wap.boc.cn_(Pixel 2).png,1,0,0,7.008090099289029,250.65110778808594
wap.boc.cn_(Pixel 2).png,2,0,80,9.525510098454589,250.9188995361328
wap.boc.cn_(Pixel 2).png,3,0,160,10.35413674058096,250.9784698486328
wap.boc.cn_(Pixel 2).png,4,0,240,2.82247841579969,250.68873596191406
wap.boc.cn_(Pixel 2).png,5,0,320,4.844979696551545,250.9896240234375
wap.boc.cn_(Pixel 2).png,6,71,0,7.8108767344563566,250.47735595703125
wap.boc.cn_(Pixel 2).png,7,71,80,6.492095654479714,250.11648559570312
wap.boc.cn_(Pixel 2).png,8,71,160,6.3264350287087705,250.27215576171875
wap.boc.cn_(Pixel 2).png,9,71,240,6.49199779432244,250.35125732421875
wap.boc.cn_(Pixel 2).png,10,71,320,7.283693371346543,250.4604034423828
wap.boc.cn_(Pixel 2).png,11,142,0,6.996151503350143,188.08770751953125
wap.boc.cn_(Pixel 2).png,12,142,80,6.898697394271621,217.72869873046875
wap.boc.cn_(Pixel 2).png,13,142,160,1.1785676017766389,224.4615936279297
wap.boc.cn_(Pixel 2).png,14,142,240,1.1785676017766389,224.4615936279297
wap.boc.cn_(Pixel 2).png,15,142,320,1.159066741931123,154.28517150878906
wap.boc.cn_(Pixel 2).png,16,213,0,3.2359673546808745,165.06907653808594
wap.boc.cn_(Pixel 2).png,17,213,80,4.2427662897591825,250.71649169921875
wap.boc.cn_(Pixel 2).png,18,213,160,6.266974112424441,250.7796630859375
wap.boc.cn_(Pixel 2).png,19,213,240,6.253922811697712,250.73936462402344
wap.boc.cn_(Pixel 2).png,20,213,320,6.064553514403594,133.74734497070312
wap.boc.cn_(Pixel 2).png,21,284,0,2.3064077068578035,168.73013305664062
wap.boc.cn_(Pixel 2).png,22,284,80,3.782108578862753,249.3707733154297
wap.boc.cn_(Pixel 2).png,23,284,160,4.007967417343467,249.73776245117188
wap.boc.cn_(Pixel 2).png,24,284,240,1.3146198330341028,250.03558349609375
wap.boc.cn_(Pixel 2).png,25,284,320,1.1588842500695868,132.63143920898438
wap.boc.cn_(Pixel 2).png,26,355,0,3.3960758735156014,167.1786346435547
wap.boc.cn_(Pixel 2).png,27,355,80,4.355499875240204,250.36351013183594
wap.boc.cn_(Pixel 2).png,28,355,160,4.68584745946688,250.39537048339844
wap.boc.cn_(Pixel 2).png,29,355,240,4.649146659099505,250.9138946533203
wap.boc.cn_(Pixel 2).png,30,355,320,1.154916336578502,129.58103942871094
wap.boc.cn_(Pixel 2).png,31,426,0,4.887157653909946,192.80401611328125
wap.boc.cn_(Pixel 2).png,32,426,80,4.893246213087761,240.20521545410156
wap.boc.cn_(Pixel 2).png,33,426,160,4.84167915331972,238.2866668701172
wap.boc.cn_(Pixel 2).png,34,426,240,1.2246390483111034,243.1693115234375
wap.boc.cn_(Pixel 2).png,35,426,320,1.1615767758873592,154.72344970703125
wap.boc.cn_(Pixel 2).png,36,497,0,6.813307013892855,162.1874237060547
wap.boc.cn_(Pixel 2).png,37,497,80,5.077922252252895,250.6570587158203
wap.boc.cn_(Pixel 2).png,38,497,160,4.572918041424883,250.6969451904297
wap.boc.cn_(Pixel 2).png,39,497,240,4.500037179557282,250.7120361328125
wap.boc.cn_(Pixel 2).png,40,497,320,1.1567775674035425,131.23333740234375
wap.boc.cn_(Pixel 2).png,41,568,0,1.1593484048641054,151.34254455566406
wap.boc.cn_(Pixel 2).png,42,568,80,4.478746595810153,250.90499877929688
wap.boc.cn_(Pixel 2).png,43,568,160,4.863231557802131,250.91961669921875
wap.boc.cn_(Pixel 2).png,44,568,240,4.02333087877401,250.9044647216797
wap.boc.cn_(Pixel 2).png,45,568,320,3.255541138859684,133.56332397460938
wap.boc.cn_(Pixel 2).png,46,639,0,1.1550179631965216,150.51937866210938
wap.boc.cn_(Pixel 2).png,47,639,80,4.923733607939117,251.00094604492188
wap.boc.cn_(Pixel 2).png,48,639,160,1.0,251.00392150878906
wap.boc.cn_(Pixel 2).png,49,639,240,2.5972545333678694,250.9965057373047
wap.boc.cn_(Pixel 2).png,50,639,320,1.1630683836692646,137.6689453125
www.abchina.com_cn_(Pixel 2).png,1,0,0,4.35793778830273,250.39816284179688
www.abchina.com_cn_(Pixel 2).png,2,0,80,7.100611385778564,250.30767822265625
www.abchina.com_cn_(Pixel 2).png,3,0,160,5.357077561735966,250.75048828125
www.abchina.com_cn_(Pixel 2).png,4,0,240,1.2712478784496526,250.79144287109375
www.abchina.com_cn_(Pixel 2).png,5,0,320,2.7245435384535455,250.5673065185547
www.abchina.com_cn_(Pixel 2).png,6,71,0,3.708087778472725,247.02606201171875
www.abchina.com_cn_(Pixel 2).png,7,71,80,6.290638379522493,246.88107299804688
www.abchina.com_cn_(Pixel 2).png,8,71,160,5.7988227156934204,246.12864685058594
www.abchina.com_cn_(Pixel 2).png,9,71,240,1.172056082256674,247.78347778320312
www.abchina.com_cn_(Pixel 2).png,10,71,320,2.64513900502555,247.17227172851562
www.abchina.com_cn_(Pixel 2).png,11,142,0,3.321854527425605,239.1104736328125
www.abchina.com_cn_(Pixel 2).png,12,142,80,2.933889274448352,248.12869262695312
www.abchina.com_cn_(Pixel 2).png,13,142,160,2.717723311564664,248.82492065429688
www.abchina.com_cn_(Pixel 2).png,14,142,240,2.536833934481912,247.7082977294922
www.abchina.com_cn_(Pixel 2).png,15,142,320,1.6582450522872814,239.4918670654297
www.abchina.com_cn_(Pixel 2).png,16,213,0,3.485498699476023,240.42530822753906
www.abchina.com_cn_(Pixel 2).png,17,213,80,3.7884927691714725,249.87879943847656
www.abchina.com_cn_(Pixel 2).png,18,213,160,3.204852857788411,250.35110473632812
www.abchina.com_cn_(Pixel 2).png,19,213,240,2.9780500545469573,249.2809295654297
www.abchina.com_cn_(Pixel 2).png,20,213,320,2.716570309395839,247.4993896484375
www.abchina.com_cn_(Pixel 2).png,21,284,0,2.5752281088016127,225.28591918945312
www.abchina.com_cn_(Pixel 2).png,22,284,80,1.4226195491646907,235.8098602294922
www.abchina.com_cn_(Pixel 2).png,23,284,160,1.9652740137406164,243.18446350097656
www.abchina.com_cn_(Pixel 2).png,24,284,240,2.9672944116091324,239.6586456298828
www.abchina.com_cn_(Pixel 2).png,25,284,320,1.4717984357996965,204.55569458007812
www.abchina.com_cn_(Pixel 2).png,26,355,0,6.159019838750492,246.77084350585938
www.abchina.com_cn_(Pixel 2).png,27,355,80,6.055373326420801,247.02117919921875
www.abchina.com_cn_(Pixel 2).png,28,355,160,5.024652911790062,247.2508544921875
www.abchina.com_cn_(Pixel 2).png,29,355,240,5.311068598625581,247.35084533691406
www.abchina.com_cn_(Pixel 2).png,30,355,320,6.143458411867132,247.164306640625
www.abchina.com_cn_(Pixel 2).png,31,426,0,2.1255923742892806,250.4887237548828
www.abchina.com_cn_(Pixel 2).png,32,426,80,2.4991293128785683,250.4940643310547
www.abchina.com_cn_(Pixel 2).png,33,426,160,2.6290629526062443,250.6839599609375
www.abchina.com_cn_(Pixel 2).png,34,426,240,2.658561198055087,250.6312713623047
www.abchina.com_cn_(Pixel 2).png,35,426,320,2.6229811600090778,250.60888671875
www.abchina.com_cn_(Pixel 2).png,36,497,0,1.2771249578942425,141.73947143554688
www.abchina.com_cn_(Pixel 2).png,37,497,80,1.27002199840182,175.34620666503906
www.abchina.com_cn_(Pixel 2).png,38,497,160,6.465640349157332,180.5082550048828
www.abchina.com_cn_(Pixel 2).png,39,497,240,9.835628554442813,216.93939208984375
www.abchina.com_cn_(Pixel 2).png,40,497,320,1.5383755344438612,197.18109130859375
www.abchina.com_cn_(Pixel 2).png,41,568,0,9.270024737623736,107.2999496459961
www.abchina.com_cn_(Pixel 2).png,42,568,80,9.384291721083832,102.69368743896484
www.abchina.com_cn_(Pixel 2).png,43,568,160,4.593545923109215,82.6925048828125
www.abchina.com_cn_(Pixel 2).png,44,568,240,6.015125748476631,8.546370506286621
www.abchina.com_cn_(Pixel 2).png,45,568,320,7.748464161362626,2.6120786666870117
www.abchina.com_cn_(Pixel 2).png,46,639,0,5.628306463582566,190.10560607910156
www.abchina.com_cn_(Pixel 2).png,47,639,80,4.615443212234044,192.7371368408203
www.abchina.com_cn_(Pixel 2).png,48,639,160,2.09261243078388,178.8932647705078
www.abchina.com_cn_(Pixel 2).png,49,639,240,3.6261881832341047,207.70211791992188
www.abchina.com_cn_(Pixel 2).png,50,639,320,4.621475768171079,220.6455841064453
www.amazon.co.uk_(Pixel 2).png,1,0,0,11.56082945849732,133.3343048095703
www.amazon.co.uk_(Pixel 2).png,2,0,80,12.28722550627895,119.77482604980469
www.amazon.co.uk_(Pixel 2).png,3,0,160,13.210470516766984,137.90928649902344
www.amazon.co.uk_(Pixel 2).png,4,0,240,13.071532648053012,132.8668670654297
www.amazon.co.uk_(Pixel 2).png,5,0,320,9.68138179554037,152.7093963623047
www.amazon.co.uk_(Pixel 2).png,6,71,0,12.09558383990961,214.14913940429688
www.amazon.co.uk_(Pixel 2).png,7,71,80,12.06887938563019,195.29534912109375
www.amazon.co.uk_(Pixel 2).png,8,71,160,12.251391261874057,203.51315307617188
www.amazon.co.uk_(Pixel 2).png,9,71,240,12.057238105605618,190.74147033691406
www.amazon.co.uk_(Pixel 2).png,10,71,320,9.26601475623709,220.4504852294922
www.amazon.co.uk_(Pixel 2).png,11,142,0,9.343344283718478,118.11978149414062
www.amazon.co.uk_(Pixel 2).png,12,142,80,8.8741073797056,131.0110321044922
www.amazon.co.uk_(Pixel 2).png,13,142,160,8.006611739065233,131.9770050048828
www.amazon.co.uk_(Pixel 2).png,14,142,240,6.24719119650654,127.78459167480469
www.amazon.co.uk_(Pixel 2).png,15,142,320,6.241289136023793,147.19476318359375
www.amazon.co.uk_(Pixel 2).png,16,213,0,8.22290657851451,112.50643157958984
www.amazon.co.uk_(Pixel 2).png,17,213,80,8.450038893625454,136.77056884765625
www.amazon.co.uk_(Pixel 2).png,18,213,160,8.481025536389016,138.04139709472656
www.amazon.co.uk_(Pixel 2).png,19,213,240,7.427475287971925,157.20066833496094
www.amazon.co.uk_(Pixel 2).png,20,213,320,3.5063398056660398,98.4178695678711
www.amazon.co.uk_(Pixel 2).png,21,284,0,9.220466118552364,178.07192993164062
www.amazon.co.uk_(Pixel 2).png,22,284,80,10.093436195482544,23.7567195892334
www.amazon.co.uk_(Pixel 2).png,23,284,160,10.777914429510906,42.49669647216797
www.amazon.co.uk_(Pixel 2).png,24,284,240,10.923131465983328,25.84163475036621
www.amazon.co.uk_(Pixel 2).png,25,284,320,1.0522173431088615,245.8227996826172
www.amazon.co.uk_(Pixel 2).png,26,355,0,4.241196102963545,192.160888671875
www.amazon.co.uk_(Pixel 2).png,27,355,80,5.793152431730334,114.61054992675781
www.amazon.co.uk_(Pixel 2).png,28,355,160,1.2813181647088336,215.74649047851562
www.amazon.co.uk_(Pixel 2).png,29,355,240,1.2834809916645238,234.88023376464844
www.amazon.co.uk_(Pixel 2).png,30,355,320,1.2463722501870165,237.96804809570312
www.amazon.co.uk_(Pixel 2).png,31,426,0,1.8833533702149257,149.82545471191406
www.amazon.co.uk_(Pixel 2).png,32,426,80,1.7171322764505812,135.610107421875
www.amazon.co.uk_(Pixel 2).png,33,426,160,4.4816514940675924,198.73353576660156
www.amazon.co.uk_(Pixel 2).png,34,426,240,5.012243374210078,174.67266845703125
www.amazon.co.uk_(Pixel 2).png,35,426,320,6.764538053393812,158.9791717529297
www.amazon.co.uk_(Pixel 2).png,36,497,0,2.299480218224792,135.744140625
www.amazon.co.uk_(Pixel 2).png,37,497,80,2.2874009461782636,123.40113067626953
www.amazon.co.uk_(Pixel 2).png,38,497,160,2.5650266013861223,126.81651306152344
www.amazon.co.uk_(Pixel 2).png,39,497,240,2.2289461462379756,123.01190185546875
www.amazon.co.uk_(Pixel 2).png,40,497,320,2.0085510688812547,135.4578094482422
www.amazon.co.uk_(Pixel 2).png,41,568,0,2.1035773218763656,221.0913848876953
www.amazon.co.uk_(Pixel 2).png,42,568,80,2.0832875469714476,205.56663513183594
www.amazon.co.uk_(Pixel 2).png,43,568,160,1.964739212262104,211.4989013671875
www.amazon.co.uk_(Pixel 2).png,44,568,240,1.964739212262104,211.4989013671875
www.amazon.co.uk_(Pixel 2).png,45,568,320,1.9615370991063346,220.83363342285156
www.amazon.co.uk_(Pixel 2).png,46,639,0,12.212334880146727,250.80752563476562
www.amazon.co.uk_(Pixel 2).png,47,639,80,11.474838448422311,250.83294677734375
www.amazon.co.uk_(Pixel 2).png,48,639,160,3.028560281377582,249.61209106445312
www.amazon.co.uk_(Pixel 2).png,49,639,240,2.3796137023343347,250.99981689453125
www.amazon.co.uk_(Pixel 2).png,50,639,320,1.0,251.00392150878906
www.argos.co.uk_(Pixel 2).png,1,0,0,4.9364282762744995,221.6172332763672
www.argos.co.uk_(Pixel 2).png,2,0,80,2.289102059620425,250.67715454101562
www.argos.co.uk_(Pixel 2).png,3,0,160,4.189420483470784,250.5851593017578
www.argos.co.uk_(Pixel 2).png,4,0,240,4.698401795538399,250.548828125
www.argos.co.uk_(Pixel 2).png,5,0,320,4.532204260221283,250.71351623535156
www.argos.co.uk_(Pixel 2).png,6,71,0,2.525107538978365,248.679443359375
www.argos.co.uk_(Pixel 2).png,7,71,80,2.5648598593401077,247.37841796875
www.argos.co.uk_(Pixel 2).png,8,71,160,2.4089475553890884,247.77676391601562
www.argos.co.uk_(Pixel 2).png,9,71,240,2.092836537287882,248.0679168701172
www.argos.co.uk_(Pixel 2).png,10,71,320,4.598445439061777,202.97491455078125
www.argos.co.uk_(Pixel 2).png,11,142,0,6.156695703834754,205.2951202392578
www.argos.co.uk_(Pixel 2).png,12,142,80,5.761247010062171,230.46957397460938
www.argos.co.uk_(Pixel 2).png,13,142,160,5.829155197445684,229.56971740722656
www.argos.co.uk_(Pixel 2).png,14,142,240,5.912232057793859,234.26779174804688
www.argos.co.uk_(Pixel 2).png,15,142,320,5.740213214824479,234.51678466796875
www.argos.co.uk_(Pixel 2).png,16,213,0,3.058279450703266,122.11898803710938
www.argos.co.uk_(Pixel 2).png,17,213,80,3.048868074431595,140.00521850585938
www.argos.co.uk_(Pixel 2).png,18,213,160,1.5537095938430838,177.78565979003906
www.argos.co.uk_(Pixel 2).png,19,213,240,5.9287690449759225,178.04266357421875
www.argos.co.uk_(Pixel 2).png,20,213,320,6.195091218234255,140.33914184570312
www.argos.co.uk_(Pixel 2).png,21,284,0,2.9118929893539476,2.063744068145752
www.argos.co.uk_(Pixel 2).png,22,284,80,3.035341667276929,2.3749966621398926
www.argos.co.uk_(Pixel 2).png,23,284,160,3.340245306489376,8.834487915039062
www.argos.co.uk_(Pixel 2).png,24,284,240,2.8656898012791823,14.379413604736328
www.argos.co.uk_(Pixel 2).png,25,284,320,3.7357636548707838,4.66265869140625
www.argos.co.uk_(Pixel 2).png,26,355,0,2.3810043854781404,1.877561092376709
www.argos.co.uk_(Pixel 2).png,27,355,80,3.499410217667703,0.14255571365356445
www.argos.co.uk_(Pixel 2).png,28,355,160,3.2951286723363933,-0.6103684902191162
www.argos.co.uk_(Pixel 2).png,29,355,240,3.1284597730135544,-0.4260070323944092
www.argos.co.uk_(Pixel 2).png,30,355,320,3.6645326698649288,-0.7299602031707764
www.argos.co.uk_(Pixel 2).png,31,426,0,3.500334379384698,242.2423858642578
www.argos.co.uk_(Pixel 2).png,32,426,80,2.2410005788620806,249.4159393310547
www.argos.co.uk_(Pixel 2).png,33,426,160,2.931299237085882,240.5422821044922
www.argos.co.uk_(Pixel 2).png,34,426,240,3.7829488661057185,141.65025329589844
www.argos.co.uk_(Pixel 2).png,35,426,320,4.96260823661863,7.186160087585449
www.argos.co.uk_(Pixel 2).png,36,497,0,3.2190908935746934,246.49339294433594
www.argos.co.uk_(Pixel 2).png,37,497,80,3.2144178388037017,243.9617919921875
www.argos.co.uk_(Pixel 2).png,38,497,160,3.294396201268179,244.04457092285156
www.argos.co.uk_(Pixel 2).png,39,497,240,3.305950379225302,244.15371704101562
www.argos.co.uk_(Pixel 2).png,40,497,320,3.766179140927712,249.12100219726562
www.argos.co.uk_(Pixel 2).png,41,568,0,3.276885790269571,231.8066864013672
www.argos.co.uk_(Pixel 2).png,42,568,80,3.2828687943337465,231.6388702392578
www.argos.co.uk_(Pixel 2).png,43,568,160,3.345619359306565,236.98223876953125
www.argos.co.uk_(Pixel 2).png,44,568,240,3.3646907350927804,238.3566436767578
www.argos.co.uk_(Pixel 2).png,45,568,320,3.393376416504746,240.24493408203125
www.argos.co.uk_(Pixel 2).png,46,639,0,3.143883917700952,235.21595764160156
www.argos.co.uk_(Pixel 2).png,47,639,80,5.231298435506367,248.0707550048828
www.argos.co.uk_(Pixel 2).png,48,639,160,5.467499515630705,246.93283081054688
www.argos.co.uk_(Pixel 2).png,49,639,240,5.394365486266357,247.8805389404297
www.argos.co.uk_(Pixel 2).png,50,639,320,5.2192473256939875,250.27389526367188
www.barclays.co.uk_(Pixel 2).png,1,0,0,3.943982304376137,239.04190063476562
www.barclays.co.uk_(Pixel 2).png,2,0,80,4.109108570893896,181.8499755859375
www.barclays.co.uk_(Pixel 2).png,3,0,160,4.212599537811687,186.04115295410156
www.barclays.co.uk_(Pixel 2).png,4,0,240,4.227912652361821,197.86732482910156
www.barclays.co.uk_(Pixel 2).png,5,0,320,4.370222730593024,187.57041931152344
www.barclays.co.uk_(Pixel 2).png,6,71,0,2.2274380909863902,141.33566284179688
www.barclays.co.uk_(Pixel 2).png,7,71,80,3.139061961369916,247.29537963867188
www.barclays.co.uk_(Pixel 2).png,8,71,160,3.1388648570428224,223.5110626220703
www.barclays.co.uk_(Pixel 2).png,9,71,240,4.1693087057761025,117.93647766113281
www.barclays.co.uk_(Pixel 2).png,10,71,320,2.6278733389769964,248.25115966796875
www.barclays.co.uk_(Pixel 2).png,11,142,0,6.073276022349202,248.2926788330078
www.barclays.co.uk_(Pixel 2).png,12,142,80,5.298086210772319,12.792762756347656
www.barclays.co.uk_(Pixel 2).png,13,142,160,5.662771707582363,20.39645767211914
www.barclays.co.uk_(Pixel 2).png,14,142,240,8.09941918706211,3.2827391624450684
www.barclays.co.uk_(Pixel 2).png,15,142,320,2.1213811247418426,-0.546783447265625
www.barclays.co.uk_(Pixel 2).png,16,213,0,9.344640945497815,113.40853118896484
www.barclays.co.uk_(Pixel 2).png,17,213,80,3.698522804562083,1.7589678764343262
www.barclays.co.uk_(Pixel 2).png,18,213,160,3.4352600801321866,9.549335479736328
www.barclays.co.uk_(Pixel 2).png,19,213,240,7.626691601646675,32.909446716308594
www.barclays.co.uk_(Pixel 2).png,20,213,320,4.842307767326333,24.285003662109375
www.barclays.co.uk_(Pixel 2).png,21,284,0,17.605656947374957,130.81979370117188
www.barclays.co.uk_(Pixel 2).png,22,284,80,14.685843279798984,185.61233520507812
www.barclays.co.uk_(Pixel 2).png,23,284,160,3.4637288800478716,233.68614196777344
www.barclays.co.uk_(Pixel 2).png,24,284,240,8.31798915878786,197.1560821533203
www.barclays.co.uk_(Pixel 2).png,25,284,320,4.266827348479649,177.9536590576172
www.barclays.co.uk_(Pixel 2).png,26,355,0,4.185951485914095,247.04847717285156
www.barclays.co.uk_(Pixel 2).png,27,355,80,6.1437460177376,250.10386657714844
www.barclays.co.uk_(Pixel 2).png,28,355,160,6.389039361712422,250.07833862304688
www.barclays.co.uk_(Pixel 2).png,29,355,240,4.612005914629952,250.85523986816406
www.barclays.co.uk_(Pixel 2).png,30,355,320,1.0,251.00392150878906
www.barclays.co.uk_(Pixel 2).png,31,426,0,3.6250925453727105,250.58526611328125
www.barclays.co.uk_(Pixel 2).png,32,426,80,4.065523081420174,250.9835662841797
www.barclays.co.uk_(Pixel 2).png,33,426,160,4.4836535022650486,250.98165893554688
www.barclays.co.uk_(Pixel 2).png,34,426,240,4.238392443533025,251.00035095214844
www.barclays.co.uk_(Pixel 2).png,35,426,320,1.0,251.00392150878906
www.barclays.co.uk_(Pixel 2).png,36,497,0,4.013161276690644,250.93072509765625
www.barclays.co.uk_(Pixel 2).png,37,497,80,4.282451189464999,250.85250854492188
www.barclays.co.uk_(Pixel 2).png,38,497,160,3.9428931236208493,250.88580322265625
www.barclays.co.uk_(Pixel 2).png,39,497,240,4.049768210778723,250.9212188720703
www.barclays.co.uk_(Pixel 2).png,40,497,320,1.0,251.00392150878906
www.barclays.co.uk_(Pixel 2).png,41,568,0,4.1592809803496005,250.9137725830078
www.barclays.co.uk_(Pixel 2).png,42,568,80,3.981161176475829,250.79638671875
www.barclays.co.uk_(Pixel 2).png,43,568,160,3.989004849729528,250.95907592773438
www.barclays.co.uk_(Pixel 2).png,44,568,240,4.326231262910186,250.9947967529297
www.barclays.co.uk_(Pixel 2).png,45,568,320,1.0,251.00392150878906
www.barclays.co.uk_(Pixel 2).png,46,639,0,5.0474560205058605,140.2069854736328
www.barclays.co.uk_(Pixel 2).png,47,639,80,5.021941509363856,136.73101806640625
www.barclays.co.uk_(Pixel 2).png,48,639,160,5.150248756401079,237.03558349609375
www.barclays.co.uk_(Pixel 2).png,49,639,240,1.0,251.00392150878906
www.barclays.co.uk_(Pixel 2).png,50,639,320,1.0,251.00392150878906
www.bbc.co.uk_(Pixel 2).png,1,0,0,14.310349654976932,103.92757415771484
www.bbc.co.uk_(Pixel 2).png,2,0,80,13.941478214930797,146.3389892578125
www.bbc.co.uk_(Pixel 2).png,3,0,160,13.49118063204204,168.44534301757812
www.bbc.co.uk_(Pixel 2).png,4,0,240,13.440842186872445,170.5552978515625
www.bbc.co.uk_(Pixel 2).png,5,0,320,15.07720933824371,150.8907012939453
www.bbc.co.uk_(Pixel 2).png,6,71,0,12.779845267608671,155.55918884277344
www.bbc.co.uk_(Pixel 2).png,7,71,80,7.39668417615764,10.901848793029785
www.bbc.co.uk_(Pixel 2).png,8,71,160,9.121996051829045,15.304187774658203
www.bbc.co.uk_(Pixel 2).png,9,71,240,8.68292569070007,11.275946617126465
www.bbc.co.uk_(Pixel 2).png,10,71,320,9.476348765143728,137.4610137939453
www.bbc.co.uk_(Pixel 2).png,11,142,0,12.568908978362888,110.5140609741211
www.bbc.co.uk_(Pixel 2).png,12,142,80,5.345200123124936,4.760873317718506
www.bbc.co.uk_(Pixel 2).png,13,142,160,3.551358271890434,23.208349227905273
www.bbc.co.uk_(Pixel 2).png,14,142,240,5.059106941440001,19.615962982177734
www.bbc.co.uk_(Pixel 2).png,15,142,320,8.475075837289866,101.66017150878906
www.bbc.co.uk_(Pixel 2).png,16,213,0,11.970884378152837,113.0188980102539
www.bbc.co.uk_(Pixel 2).png,17,213,80,6.606482745946355,214.2212371826172
www.bbc.co.uk_(Pixel 2).png,18,213,160,12.890034657992032,193.9348907470703
www.bbc.co.uk_(Pixel 2).png,19,213,240,12.007119669626741,187.32920837402344
www.bbc.co.uk_(Pixel 2).png,20,213,320,11.726314990979867,137.65139770507812
www.bbc.co.uk_(Pixel 2).png,21,284,0,8.627002293333382,182.9718017578125
www.bbc.co.uk_(Pixel 2).png,22,284,80,13.164478947127506,246.6591033935547
www.bbc.co.uk_(Pixel 2).png,23,284,160,14.730215040033029,248.1174774169922
www.bbc.co.uk_(Pixel 2).png,24,284,240,15.144973380969349,248.0177459716797
www.bbc.co.uk_(Pixel 2).png,25,284,320,16.428603713828885,228.06455993652344
www.bbc.co.uk_(Pixel 2).png,26,355,0,5.4962507131117455,238.23031616210938
www.bbc.co.uk_(Pixel 2).png,27,355,80,3.567877483824691,1.2743029594421387
www.bbc.co.uk_(Pixel 2).png,28,355,160,8.829560034333442,17.19227409362793
www.bbc.co.uk_(Pixel 2).png,29,355,240,8.475973050524049,11.76746654510498
www.bbc.co.uk_(Pixel 2).png,30,355,320,14.264504070123342,42.34531021118164
www.bbc.co.uk_(Pixel 2).png,31,426,0,9.482529492601595,162.86184692382812
www.bbc.co.uk_(Pixel 2).png,32,426,80,7.135613228434782,244.16184997558594
www.bbc.co.uk_(Pixel 2).png,33,426,160,12.870897696426415,235.94622802734375
www.bbc.co.uk_(Pixel 2).png,34,426,240,14.72639042693405,236.8301544189453
www.bbc.co.uk_(Pixel 2).png,35,426,320,15.564151661124251,210.83648681640625
www.bbc.co.uk_(Pixel 2).png,36,497,0,8.360064408895672,144.77101135253906
www.bbc.co.uk_(Pixel 2).png,37,497,80,6.135373548091627,223.1858367919922
www.bbc.co.uk_(Pixel 2).png,38,497,160,8.762406616739524,193.50753784179688
www.bbc.co.uk_(Pixel 2).png,39,497,240,9.049302852774366,215.05233764648438
www.bbc.co.uk_(Pixel 2).png,40,497,320,10.945980023016373,188.02940368652344
www.bbc.co.uk_(Pixel 2).png,41,568,0,2.879219264771059,218.81365966796875
www.bbc.co.uk_(Pixel 2).png,42,568,80,2.444358440503769,200.2620849609375
www.bbc.co.uk_(Pixel 2).png,43,568,160,11.862485820652216,161.91146850585938
www.bbc.co.uk_(Pixel 2).png,44,568,240,13.43117705594405,188.3743133544922
www.bbc.co.uk_(Pixel 2).png,45,568,320,13.688591477355414,194.84449768066406
www.bbc.co.uk_(Pixel 2).png,46,639,0,6.972162842678586,116.3745346069336
www.bbc.co.uk_(Pixel 2).png,47,639,80,5.542825377106177,142.73602294921875
www.bbc.co.uk_(Pixel 2).png,48,639,160,11.194769483307644,250.6974334716797
www.bbc.co.uk_(Pixel 2).png,49,639,240,14.107420424069367,250.6363983154297
www.bbc.co.uk_(Pixel 2).png,50,639,320,9.942002902763349,241.6827850341797
www.ebay.co.uk_(Pixel 2).png,1,0,0,3.762599502634069,250.54116821289062
www.ebay.co.uk_(Pixel 2).png,2,0,80,1.5608495308866621,250.7911376953125
www.ebay.co.uk_(Pixel 2).png,3,0,160,1.5652798948289381,250.79144287109375
www.ebay.co.uk_(Pixel 2).png,4,0,240,11.935039405702911,250.76133728027344
www.ebay.co.uk_(Pixel 2).png,5,0,320,6.361973380514021,247.5272674560547
www.ebay.co.uk_(Pixel 2).png,6,71,0,4.310014015175369,250.61502075195312
www.ebay.co.uk_(Pixel 2).png,7,71,80,4.377012135456111,250.20082092285156
www.ebay.co.uk_(Pixel 2).png,8,71,160,3.589183972866755,250.57032775878906
www.ebay.co.uk_(Pixel 2).png,9,71,240,3.4387158330604084,250.61351013183594
www.ebay.co.uk_(Pixel 2).png,10,71,320,4.636726768875547,222.89370727539062
www.ebay.co.uk_(Pixel 2).png,11,142,0,6.410761618050573,198.474609375
www.ebay.co.uk_(Pixel 2).png,12,142,80,6.481630306137651,196.04867553710938
www.ebay.co.uk_(Pixel 2).png,13,142,160,6.35275120855216,199.2554168701172
www.ebay.co.uk_(Pixel 2).png,14,142,240,6.344983580329213,199.4511260986328
www.ebay.co.uk_(Pixel 2).png,15,142,320,6.3541081876514705,199.23883056640625
www.ebay.co.uk_(Pixel 2).png,16,213,0,4.440645323706592,246.13121032714844
www.ebay.co.uk_(Pixel 2).png,17,213,80,4.49143898958943,241.21942138671875
www.ebay.co.uk_(Pixel 2).png,18,213,160,4.5136679813922616,244.4001922607422
www.ebay.co.uk_(Pixel 2).png,19,213,240,4.499449139395137,250.32449340820312
www.ebay.co.uk_(Pixel 2).png,20,213,320,6.061124159381773,250.7576446533203
www.ebay.co.uk_(Pixel 2).png,21,284,0,5.213485936870422,166.79701232910156
www.ebay.co.uk_(Pixel 2).png,22,284,80,10.567472212819517,168.09872436523438
www.ebay.co.uk_(Pixel 2).png,23,284,160,13.551488611266048,220.4097137451172
www.ebay.co.uk_(Pixel 2).png,24,284,240,9.969902149810657,74.51459503173828
www.ebay.co.uk_(Pixel 2).png,25,284,320,9.25193037544504,155.97999572753906
www.ebay.co.uk_(Pixel 2).png,26,355,0,14.256674313439719,101.5841064453125
www.ebay.co.uk_(Pixel 2).png,27,355,80,13.189659687896809,76.93801879882812
www.ebay.co.uk_(Pixel 2).png,28,355,160,4.659185267398723,56.41013717651367
www.ebay.co.uk_(Pixel 2).png,29,355,240,3.9494007759706995,124.97594451904297
www.ebay.co.uk_(Pixel 2).png,30,355,320,10.435782099311961,177.47677612304688
www.ebay.co.uk_(Pixel 2).png,31,426,0,6.9222198323474196,235.14544677734375
www.ebay.co.uk_(Pixel 2).png,32,426,80,2.344345582650562,227.20188903808594
www.ebay.co.uk_(Pixel 2).png,33,426,160,10.059693710810402,239.35931396484375
www.ebay.co.uk_(Pixel 2).png,34,426,240,16.276724817893285,244.7273712158203
www.ebay.co.uk_(Pixel 2).png,35,426,320,7.279163501748653,238.0323944091797
www.ebay.co.uk_(Pixel 2).png,36,497,0,13.408279534582626,163.63592529296875
www.ebay.co.uk_(Pixel 2).png,37,497,80,13.284237194654631,167.112548828125
www.ebay.co.uk_(Pixel 2).png,38,497,160,13.404544656351048,164.26881408691406
www.ebay.co.uk_(Pixel 2).png,39,497,240,13.415644927572206,164.7579803466797
www.ebay.co.uk_(Pixel 2).png,40,497,320,13.557083060406342,157.15487670898438
www.ebay.co.uk_(Pixel 2).png,41,568,0,9.149157326899331,250.93516540527344
www.ebay.co.uk_(Pixel 2).png,42,568,80,9.36442236383769,250.9315185546875
www.ebay.co.uk_(Pixel 2).png,43,568,160,9.502887180511058,250.94482421875
www.ebay.co.uk_(Pixel 2).png,44,568,240,9.55349867832494,250.9593505859375
www.ebay.co.uk_(Pixel 2).png,45,568,320,9.74153256049629,251.0016632080078
www.ebay.co.uk_(Pixel 2).png,46,639,0,13.580384108721084,178.24667358398438
www.ebay.co.uk_(Pixel 2).png,47,639,80,13.639190592567763,179.93582153320312
www.ebay.co.uk_(Pixel 2).png,48,639,160,13.656658770893674,180.52084350585938
www.ebay.co.uk_(Pixel 2).png,49,639,240,13.652645937303788,181.85983276367188
www.ebay.co.uk_(Pixel 2).png,50,639,320,13.641679413205821,181.85983276367188
www.google.co.uk_(Pixel 2).png,1,0,0,3.8243793207213375,250.93592834472656
www.google.co.uk_(Pixel 2).png,2,0,80,3.9266294057929114,250.99000549316406
www.google.co.uk_(Pixel 2).png,3,0,160,1.0,251.00392150878906
www.google.co.uk_(Pixel 2).png,4,0,240,4.529847158407542,250.98753356933594
www.google.co.uk_(Pixel 2).png,5,0,320,3.3958125078467223,216.6610565185547
www.google.co.uk_(Pixel 2).png,6,71,0,1.0,251.00392150878906
www.google.co.uk_(Pixel 2).png,7,71,80,3.447216276998079,250.85398864746094
www.google.co.uk_(Pixel 2).png,8,71,160,2.533135199022169,250.285400390625
www.google.co.uk_(Pixel 2).png,9,71,240,4.510720422529408,250.7165985107422
www.google.co.uk_(Pixel 2).png,10,71,320,1.0,251.00392150878906
www.google.co.uk_(Pixel 2).png,11,142,0,1.1586409736435481,250.89520263671875
www.google.co.uk_(Pixel 2).png,12,142,80,3.5388315182788435,250.75709533691406
www.google.co.uk_(Pixel 2).png,13,142,160,3.4475346329743695,250.482666015625
www.google.co.uk_(Pixel 2).png,14,142,240,4.480303617418198,250.7057342529297
www.google.co.uk_(Pixel 2).png,15,142,320,4.21507132075393,245.91653442382812
www.google.co.uk_(Pixel 2).png,16,213,0,1.1984837629495702,250.90126037597656
www.google.co.uk_(Pixel 2).png,17,213,80,1.201666439795261,250.79144287109375
www.google.co.uk_(Pixel 2).png,18,213,160,1.201666439795261,250.79144287109375
www.google.co.uk_(Pixel 2).png,19,213,240,1.201666439795261,250.79144287109375
www.google.co.uk_(Pixel 2).png,20,213,320,4.238082618195733,247.65330505371094
www.google.co.uk_(Pixel 2).png,21,284,0,1.0,251.00392150878906
www.google.co.uk_(Pixel 2).png,22,284,80,1.0,251.00392150878906
www.google.co.uk_(Pixel 2).png,23,284,160,1.0,251.00392150878906
www.google.co.uk_(Pixel 2).png,24,284,240,1.0,251.00392150878906
www.google.co.uk_(Pixel 2).png,25,284,320,1.0,251.00392150878906
www.google.co.uk_(Pixel 2).png,26,355,0,1.0,251.00392150878906
www.google.co.uk_(Pixel 2).png,27,355,80,1.0,251.00392150878906
www.google.co.uk_(Pixel 2).png,28,355,160,1.0,251.00392150878906
www.google.co.uk_(Pixel 2).png,29,355,240,1.0,251.00392150878906
www.google.co.uk_(Pixel 2).png,30,355,320,1.0,251.00392150878906
www.google.co.uk_(Pixel 2).png,31,426,0,1.0,251.00392150878906
www.google.co.uk_(Pixel 2).png,32,426,80,1.0,251.00392150878906
www.google.co.uk_(Pixel 2).png,33,426,160,1.0,251.00392150878906
www.google.co.uk_(Pixel 2).png,34,426,240,1.0,251.00392150878906
www.google.co.uk_(Pixel 2).png,35,426,320,1.0,251.00392150878906
www.google.co.uk_(Pixel 2).png,36,497,0,1.0,251.00392150878906
www.google.co.uk_(Pixel 2).png,37,497,80,1.0,251.00392150878906
www.google.co.uk_(Pixel 2).png,38,497,160,1.0,251.00392150878906
www.google.co.uk_(Pixel 2).png,39,497,240,1.0,251.00392150878906
www.google.co.uk_(Pixel 2).png,40,497,320,1.0,251.00392150878906
www.google.co.uk_(Pixel 2).png,41,568,0,1.0,251.00392150878906
www.google.co.uk_(Pixel 2).png,42,568,80,1.0,251.00392150878906
www.google.co.uk_(Pixel 2).png,43,568,160,1.0,251.00392150878906
www.google.co.uk_(Pixel 2).png,44,568,240,1.0,251.00392150878906
www.google.co.uk_(Pixel 2).png,45,568,320,1.0,251.00392150878906
www.google.co.uk_(Pixel 2).png,46,639,0,3.4079551538365274,219.9983367919922
www.google.co.uk_(Pixel 2).png,47,639,80,3.5292473214775657,201.00845336914062
www.google.co.uk_(Pixel 2).png,48,639,160,1.1178246254659752,168.9721221923828
www.google.co.uk_(Pixel 2).png,49,639,240,1.1178246254659752,168.9721221923828
www.google.co.uk_(Pixel 2).png,50,639,320,1.1178246254659752,168.9721221923828
www.google.com_intl_en-GB_gmail_(Pixel 2).png,1,0,0,5.068043144729836,249.85606384277344
www.google.com_intl_en-GB_gmail_(Pixel 2).png,2,0,80,5.757026565264695,250.57180786132812
www.google.com_intl_en-GB_gmail_(Pixel 2).png,3,0,160,1.2467577898152897,250.6771240234375
www.google.com_intl_en-GB_gmail_(Pixel 2).png,4,0,240,4.403799652246916,217.85081481933594
www.google.com_intl_en-GB_gmail_(Pixel 2).png,5,0,320,4.363579820140949,138.1753692626953
www.google.com_intl_en-GB_gmail_(Pixel 2).png,6,71,0,3.8696781547548564,134.69371032714844
www.google.com_intl_en-GB_gmail_(Pixel 2).png,7,71,80,1.185647391587776,145.4792022705078
www.google.com_intl_en-GB_gmail_(Pixel 2).png,8,71,160,1.185647391587776,145.4792022705078
www.google.com_intl_en-GB_gmail_(Pixel 2).png,9,71,240,1.185647391587776,145.4792022705078
www.google.com_intl_en-GB_gmail_(Pixel 2).png,10,71,320,3.631317674638274,138.0264892578125
www.google.com_intl_en-GB_gmail_(Pixel 2).png,11,142,0,14.595692808948877,250.656494140625
www.google.com_intl_en-GB_gmail_(Pixel 2).png,12,142,80,14.854547321317824,247.00291442871094
www.google.com_intl_en-GB_gmail_(Pixel 2).png,13,142,160,14.315159485506433,245.8944091796875
www.google.com_intl_en-GB_gmail_(Pixel 2).png,14,142,240,15.05072787818205,247.5711669921875
www.google.com_intl_en-GB_gmail_(Pixel 2).png,15,142,320,14.096313701983775,250.525390625
www.google.com_intl_en-GB_gmail_(Pixel 2).png,16,213,0,1.0,251.00392150878906
www.google.com_intl_en-GB_gmail_(Pixel 2).png,17,213,80,14.919427966161795,248.3074951171875
www.google.com_intl_en-GB_gmail_(Pixel 2).png,18,213,160,15.16050708886392,246.9093780517578
www.google.com_intl_en-GB_gmail_(Pixel 2).png,19,213,240,15.006903560330356,246.63330078125
www.google.com_intl_en-GB_gmail_(Pixel 2).png,20,213,320,1.0,251.00392150878906
www.google.com_intl_en-GB_gmail_(Pixel 2).png,21,284,0,7.272662623579929,248.03329467773438
www.google.com_intl_en-GB_gmail_(Pixel 2).png,22,284,80,8.035843199446093,241.704345703125
www.google.com_intl_en-GB_gmail_(Pixel 2).png,23,284,160,6.998865514772483,234.3480682373047
www.google.com_intl_en-GB_gmail_(Pixel 2).png,24,284,240,7.337225597411663,240.68301391601562
www.google.com_intl_en-GB_gmail_(Pixel 2).png,25,284,320,7.489380865733843,247.6961669921875
www.google.com_intl_en-GB_gmail_(Pixel 2).png,26,355,0,1.0528684423972725,250.97695922851562
www.google.com_intl_en-GB_gmail_(Pixel 2).png,27,355,80,10.718915712786742,249.08070373535156
www.google.com_intl_en-GB_gmail_(Pixel 2).png,28,355,160,5.608161415636786,249.46896362304688
www.google.com_intl_en-GB_gmail_(Pixel 2).png,29,355,240,9.47603335844874,246.17869567871094
www.google.com_intl_en-GB_gmail_(Pixel 2).png,30,355,320,8.137328023961498,249.99806213378906
www.google.com_intl_en-GB_gmail_(Pixel 2).png,31,426,0,1.6988421709249786,237.9827880859375
www.google.com_intl_en-GB_gmail_(Pixel 2).png,32,426,80,6.568326402437946,205.01364135742188
www.google.com_intl_en-GB_gmail_(Pixel 2).png,33,426,160,5.403913685688009,23.353734970092773
www.google.com_intl_en-GB_gmail_(Pixel 2).png,34,426,240,5.504370688034864,85.91160583496094
www.google.com_intl_en-GB_gmail_(Pixel 2).png,35,426,320,6.236858125113028,246.21238708496094
www.google.com_intl_en-GB_gmail_(Pixel 2).png,36,497,0,3.9841892034876545,176.3919677734375
www.google.com_intl_en-GB_gmail_(Pixel 2).png,37,497,80,6.247050198871077,191.31797790527344
www.google.com_intl_en-GB_gmail_(Pixel 2).png,38,497,160,8.336258006681849,122.3075942993164
www.google.com_intl_en-GB_gmail_(Pixel 2).png,39,497,240,6.551910011183637,110.69224548339844
www.google.com_intl_en-GB_gmail_(Pixel 2).png,40,497,320,7.698594922444146,248.54078674316406
www.google.com_intl_en-GB_gmail_(Pixel 2).png,41,568,0,1.1523620437852617,247.5303955078125
www.google.com_intl_en-GB_gmail_(Pixel 2).png,42,568,80,1.4131675661365048,160.80455017089844
www.google.com_intl_en-GB_gmail_(Pixel 2).png,43,568,160,1.483045495855978,149.57130432128906
www.google.com_intl_en-GB_gmail_(Pixel 2).png,44,568,240,1.4151903107278612,156.54739379882812
www.google.com_intl_en-GB_gmail_(Pixel 2).png,45,568,320,1.102742330508279,248.74424743652344
www.google.com_intl_en-GB_gmail_(Pixel 2).png,46,639,0,1.0,251.00392150878906
www.google.com_intl_en-GB_gmail_(Pixel 2).png,47,639,80,4.155288680461044,250.63661193847656
www.google.com_intl_en-GB_gmail_(Pixel 2).png,48,639,160,5.166218895396976,228.21661376953125
www.google.com_intl_en-GB_gmail_(Pixel 2).png,49,639,240,4.2671878718148255,250.18519592285156
www.google.com_intl_en-GB_gmail_(Pixel 2).png,50,639,320,1.0,251.00392150878906
www.hsbc.co.uk_(Pixel 2).png,1,0,0,5.58091039813579,249.24827575683594
www.hsbc.co.uk_(Pixel 2).png,2,0,80,5.450838717730219,245.232666015625
www.hsbc.co.uk_(Pixel 2).png,3,0,160,5.917024084713544,250.55795288085938
www.hsbc.co.uk_(Pixel 2).png,4,0,240,9.286453810477962,250.23902893066406
www.hsbc.co.uk_(Pixel 2).png,5,0,320,7.960223318892689,126.33480834960938
www.hsbc.co.uk_(Pixel 2).png,6,71,0,4.607697569798153,2.935314178466797
www.hsbc.co.uk_(Pixel 2).png,7,71,80,2.930596487180576,0.13419532775878906
www.hsbc.co.uk_(Pixel 2).png,8,71,160,4.676592187373958,1.4729056358337402
www.hsbc.co.uk_(Pixel 2).png,9,71,240,4.545726280282643,7.877691268920898
www.hsbc.co.uk_(Pixel 2).png,10,71,320,3.369290510525922,1.7059402465820312
www.hsbc.co.uk_(Pixel 2).png,11,142,0,2.721176461662208,5.199567794799805
www.hsbc.co.uk_(Pixel 2).png,12,142,80,4.972459640242683,20.752853393554688
www.hsbc.co.uk_(Pixel 2).png,13,142,160,5.829133640063679,3.2109007835388184
www.hsbc.co.uk_(Pixel 2).png,14,142,240,7.580786416153524,60.68158721923828
www.hsbc.co.uk_(Pixel 2).png,15,142,320,7.598986122124975,31.569259643554688
www.hsbc.co.uk_(Pixel 2).png,16,213,0,14.908361052121148,249.46192932128906
www.hsbc.co.uk_(Pixel 2).png,17,213,80,15.668591563260238,248.86685180664062
www.hsbc.co.uk_(Pixel 2).png,18,213,160,16.31979573458624,249.6990203857422
www.hsbc.co.uk_(Pixel 2).png,19,213,240,16.629805320075313,248.634521484375
www.hsbc.co.uk_(Pixel 2).png,20,213,320,18.904436712701845,248.09898376464844
www.hsbc.co.uk_(Pixel 2).png,21,284,0,8.312496589864065,250.96339416503906
www.hsbc.co.uk_(Pixel 2).png,22,284,80,6.896250684528048,250.9668426513672
www.hsbc.co.uk_(Pixel 2).png,23,284,160,7.45305377598988,250.97393798828125
www.hsbc.co.uk_(Pixel 2).png,24,284,240,7.180999312194198,250.97451782226562
www.hsbc.co.uk_(Pixel 2).png,25,284,320,8.613980027197353,239.8115997314453
www.hsbc.co.uk_(Pixel 2).png,26,355,0,5.307442682735799,122.81096649169922
www.hsbc.co.uk_(Pixel 2).png,27,355,80,5.11427407241393,139.10813903808594
www.hsbc.co.uk_(Pixel 2).png,28,355,160,5.045889715784294,122.37153625488281
www.hsbc.co.uk_(Pixel 2).png,29,355,240,5.125528529175102,137.3746795654297
www.hsbc.co.uk_(Pixel 2).png,30,355,320,6.861138781441422,137.05674743652344
www.hsbc.co.uk_(Pixel 2).png,31,426,0,8.496668694006335,122.76582336425781
www.hsbc.co.uk_(Pixel 2).png,32,426,80,8.340886579453786,128.5343780517578
www.hsbc.co.uk_(Pixel 2).png,33,426,160,8.312718709990502,128.80699157714844
www.hsbc.co.uk_(Pixel 2).png,34,426,240,8.430131370541417,141.66941833496094
www.hsbc.co.uk_(Pixel 2).png,35,426,320,8.595792777393541,144.95423889160156
www.hsbc.co.uk_(Pixel 2).png,36,497,0,7.809931934037135,200.76097106933594
www.hsbc.co.uk_(Pixel 2).png,37,497,80,6.362460350817053,249.0008544921875
www.hsbc.co.uk_(Pixel 2).png,38,497,160,6.367013894285321,248.60061645507812
www.hsbc.co.uk_(Pixel 2).png,39,497,240,6.48480621261614,249.44668579101562
www.hsbc.co.uk_(Pixel 2).png,40,497,320,7.781064891818526,247.1418914794922
www.hsbc.co.uk_(Pixel 2).png,41,568,0,7.764861422614375,208.375732421875
www.hsbc.co.uk_(Pixel 2).png,42,568,80,4.861199302888268,249.41139221191406
www.hsbc.co.uk_(Pixel 2).png,43,568,160,5.970205902186315,249.81198120117188
www.hsbc.co.uk_(Pixel 2).png,44,568,240,1.9937748126318235,250.4307098388672
www.hsbc.co.uk_(Pixel 2).png,45,568,320,7.675308534686025,246.1010284423828
www.hsbc.co.uk_(Pixel 2).png,46,639,0,8.090438753928426,132.65496826171875
www.hsbc.co.uk_(Pixel 2).png,47,639,80,8.118338587515705,125.02992248535156
www.hsbc.co.uk_(Pixel 2).png,48,639,160,8.134396381978918,126.31394958496094
www.hsbc.co.uk_(Pixel 2).png,49,639,240,8.129390327867588,127.06959533691406
www.hsbc.co.uk_(Pixel 2).png,50,639,320,8.275905973099837,131.19976806640625
www.instagram.com__hl=en(Pixel 2).png,1,0,0,2.5621461912115384,248.03985595703125
www.instagram.com__hl=en(Pixel 2).png,2,0,80,2.5400734398435696,244.57022094726562
www.instagram.com__hl=en(Pixel 2).png,3,0,160,2.549579068912087,244.79747009277344
www.instagram.com__hl=en(Pixel 2).png,4,0,240,2.5484787226514323,244.4674835205078
www.instagram.com__hl=en(Pixel 2).png,5,0,320,2.6783390464147936,250.1574249267578
www.instagram.com__hl=en(Pixel 2).png,6,71,0,5.828111135153606,80.69212341308594
www.instagram.com__hl=en(Pixel 2).png,7,71,80,3.2457412046067637,70.56944274902344
www.instagram.com__hl=en(Pixel 2).png,8,71,160,3.3045823740785414,62.35637664794922
www.instagram.com__hl=en(Pixel 2).png,9,71,240,3.359744182507977,44.701900482177734
www.instagram.com__hl=en(Pixel 2).png,10,71,320,4.001419294734131,73.04292297363281
www.instagram.com__hl=en(Pixel 2).png,11,142,0,3.6825348775701174,251.00257873535156
www.instagram.com__hl=en(Pixel 2).png,12,142,80,12.393168890637396,251.00323486328125
www.instagram.com__hl=en(Pixel 2).png,13,142,160,8.4342088006722,250.95347595214844
www.instagram.com__hl=en(Pixel 2).png,14,142,240,1.0,251.00392150878906
www.instagram.com__hl=en(Pixel 2).png,15,142,320,1.0,251.00392150878906
www.instagram.com__hl=en(Pixel 2).png,16,213,0,2.500330970710217,251.00082397460938
www.instagram.com__hl=en(Pixel 2).png,17,213,80,11.459885978593428,250.88137817382812
www.instagram.com__hl=en(Pixel 2).png,18,213,160,12.72295073276773,250.6574249267578
www.instagram.com__hl=en(Pixel 2).png,19,213,240,11.799011044411289,250.90362548828125
www.instagram.com__hl=en(Pixel 2).png,20,213,320,2.6515057918247997,250.99705505371094
www.instagram.com__hl=en(Pixel 2).png,21,284,0,3.1404409548562624,223.04940795898438
www.instagram.com__hl=en(Pixel 2).png,22,284,80,3.1225404823230622,136.87136840820312
www.instagram.com__hl=en(Pixel 2).png,23,284,160,3.107647369061038,148.87657165527344
www.instagram.com__hl=en(Pixel 2).png,24,284,240,3.1228106455279407,137.72592163085938
www.instagram.com__hl=en(Pixel 2).png,25,284,320,3.1451106837075478,214.52005004882812
www.instagram.com__hl=en(Pixel 2).png,26,355,0,1.3299073344283052,250.95477294921875
www.instagram.com__hl=en(Pixel 2).png,27,355,80,2.795049210857179,250.5313262939453
www.instagram.com__hl=en(Pixel 2).png,28,355,160,2.8933206005236114,250.7818603515625
www.instagram.com__hl=en(Pixel 2).png,29,355,240,2.755728839957313,250.5562286376953
www.instagram.com__hl=en(Pixel 2).png,30,355,320,1.331270385908644,250.941162109375
www.instagram.com__hl=en(Pixel 2).png,31,426,0,1.0,251.00392150878906
www.instagram.com__hl=en(Pixel 2).png,32,426,80,15.171464713839356,249.63690185546875
www.instagram.com__hl=en(Pixel 2).png,33,426,160,19.40700220583265,230.54165649414062
www.instagram.com__hl=en(Pixel 2).png,34,426,240,20.23757034852229,248.364990234375
www.instagram.com__hl=en(Pixel 2).png,35,426,320,1.0,251.00392150878906
www.instagram.com__hl=en(Pixel 2).png,36,497,0,1.0,251.00392150878906
www.instagram.com__hl=en(Pixel 2).png,37,497,80,16.671555002060074,247.72349548339844
www.instagram.com__hl=en(Pixel 2).png,38,497,160,19.05769708795397,212.0059051513672
www.instagram.com__hl=en(Pixel 2).png,39,497,240,19.732080539101496,247.55535888671875
www.instagram.com__hl=en(Pixel 2).png,40,497,320,1.0,251.00392150878906
www.instagram.com__hl=en(Pixel 2).png,41,568,0,1.0,251.00392150878906
www.instagram.com__hl=en(Pixel 2).png,42,568,80,1.0,251.00392150878906
www.instagram.com__hl=en(Pixel 2).png,43,568,160,1.0,251.00392150878906
www.instagram.com__hl=en(Pixel 2).png,44,568,240,1.0,251.00392150878906
www.instagram.com__hl=en(Pixel 2).png,45,568,320,1.0,251.00392150878906
www.instagram.com__hl=en(Pixel 2).png,46,639,0,1.2338119645576915,179.7407684326172
www.instagram.com__hl=en(Pixel 2).png,47,639,80,1.0477115017329555,179.7407684326172
www.instagram.com__hl=en(Pixel 2).png,48,639,160,9.643746225484763,128.03424072265625
www.instagram.com__hl=en(Pixel 2).png,49,639,240,12.179278452305665,177.7471466064453
www.instagram.com__hl=en(Pixel 2).png,50,639,320,1.2338119645576915,179.7407684326172
www.pinterest.co.uk_(Pixel 2).png,1,0,0,12.539097446925263,246.73817443847656
www.pinterest.co.uk_(Pixel 2).png,2,0,80,12.895008951340987,242.9568634033203
www.pinterest.co.uk_(Pixel 2).png,3,0,160,12.070125215287616,244.7261505126953
www.pinterest.co.uk_(Pixel 2).png,4,0,240,12.296394792435063,250.9007568359375
www.pinterest.co.uk_(Pixel 2).png,5,0,320,17.47865096190159,174.7671356201172
www.pinterest.co.uk_(Pixel 2).png,6,71,0,18.995829823475322,250.5570068359375
www.pinterest.co.uk_(Pixel 2).png,7,71,80,18.995829823475322,250.5570068359375
www.pinterest.co.uk_(Pixel 2).png,8,71,160,6.149108608221994,228.12506103515625
www.pinterest.co.uk_(Pixel 2).png,9,71,240,18.995829823475322,250.5570068359375
www.pinterest.co.uk_(Pixel 2).png,10,71,320,18.995829823475322,250.5570068359375
www.pinterest.co.uk_(Pixel 2).png,11,142,0,1.0,251.00392150878906
www.pinterest.co.uk_(Pixel 2).png,12,142,80,14.891963300617197,250.4217987060547
www.pinterest.co.uk_(Pixel 2).png,13,142,160,6.187524534691274,203.04237365722656
www.pinterest.co.uk_(Pixel 2).png,14,142,240,14.4524476239511,250.5442657470703
www.pinterest.co.uk_(Pixel 2).png,15,142,320,1.0,251.00392150878906
www.pinterest.co.uk_(Pixel 2).png,16,213,0,4.656299312075153,250.95706176757812
www.pinterest.co.uk_(Pixel 2).png,17,213,80,6.010771610002084,250.77894592285156
www.pinterest.co.uk_(Pixel 2).png,18,213,160,6.0481773837627015,250.75291442871094
www.pinterest.co.uk_(Pixel 2).png,19,213,240,5.980270430855381,250.77610778808594
www.pinterest.co.uk_(Pixel 2).png,20,213,320,4.660755949696458,250.9437255859375
www.pinterest.co.uk_(Pixel 2).png,21,284,0,3.187422788412011,118.75137329101562
www.pinterest.co.uk_(Pixel 2).png,22,284,80,1.817940348043172,136.1401824951172
www.pinterest.co.uk_(Pixel 2).png,23,284,160,2.126073970783059,123.8213882446289
www.pinterest.co.uk_(Pixel 2).png,24,284,240,1.9993034920476336,148.95843505859375
www.pinterest.co.uk_(Pixel 2).png,25,284,320,2.6338282059470006,88.24820709228516
www.pinterest.co.uk_(Pixel 2).png,26,355,0,4.024022357424473,159.16705322265625
www.pinterest.co.uk_(Pixel 2).png,27,355,80,4.561473228067972,123.67020416259766
www.pinterest.co.uk_(Pixel 2).png,28,355,160,5.14353720621709,103.97405242919922
www.pinterest.co.uk_(Pixel 2).png,29,355,240,4.675884920035318,125.28941345214844
www.pinterest.co.uk_(Pixel 2).png,30,355,320,3.933801501592425,119.33358764648438
www.pinterest.co.uk_(Pixel 2).png,31,426,0,2.5527256909802802,250.99789428710938
www.pinterest.co.uk_(Pixel 2).png,32,426,80,5.751372189577431,250.87232971191406
www.pinterest.co.uk_(Pixel 2).png,33,426,160,5.958549052907126,250.62442016601562
www.pinterest.co.uk_(Pixel 2).png,34,426,240,7.001920001252959,250.89230346679688
www.pinterest.co.uk_(Pixel 2).png,35,426,320,2.888553719881978,250.9985809326172
www.pinterest.co.uk_(Pixel 2).png,36,497,0,1.0,251.00392150878906
www.pinterest.co.uk_(Pixel 2).png,37,497,80,18.4084014176799,249.4457550048828
www.pinterest.co.uk_(Pixel 2).png,38,497,160,17.829787325849736,185.69105529785156
www.pinterest.co.uk_(Pixel 2).png,39,497,240,19.53713833093278,247.87701416015625
www.pinterest.co.uk_(Pixel 2).png,40,497,320,1.0,251.00392150878906
www.pinterest.co.uk_(Pixel 2).png,41,568,0,1.2338358491313115,250.8251953125
www.pinterest.co.uk_(Pixel 2).png,42,568,80,13.392288913134106,250.6148681640625
www.pinterest.co.uk_(Pixel 2).png,43,568,160,13.716193453147039,250.38442993164062
www.pinterest.co.uk_(Pixel 2).png,44,568,240,13.771311199498514,250.5599822998047
www.pinterest.co.uk_(Pixel 2).png,45,568,320,1.1697524744449976,250.81915283203125
www.pinterest.co.uk_(Pixel 2).png,46,639,0,1.0,251.00392150878906
www.pinterest.co.uk_(Pixel 2).png,47,639,80,1.0,251.00392150878906
www.pinterest.co.uk_(Pixel 2).png,48,639,160,1.0,251.00392150878906
www.pinterest.co.uk_(Pixel 2).png,49,639,240,1.0,251.00392150878906
www.pinterest.co.uk_(Pixel 2).png,50,639,320,1.0,251.00392150878906
www.reddit.com_(Pixel 2).png,1,0,0,11.391518739539835,123.46404266357422
www.reddit.com_(Pixel 2).png,2,0,80,12.99335974724777,196.40525817871094
www.reddit.com_(Pixel 2).png,3,0,160,13.288973568691059,210.65365600585938
www.reddit.com_(Pixel 2).png,4,0,240,11.565416613785063,146.9242401123047
www.reddit.com_(Pixel 2).png,5,0,320,10.671208024785336,121.33554077148438
www.reddit.com_(Pixel 2).png,6,71,0,6.430023652165654,249.09205627441406
www.reddit.com_(Pixel 2).png,7,71,80,6.303937467867488,249.77346801757812
www.reddit.com_(Pixel 2).png,8,71,160,5.254154136336448,249.81741333007812
www.reddit.com_(Pixel 2).png,9,71,240,4.391322785752194,249.97262573242188
www.reddit.com_(Pixel 2).png,10,71,320,5.606948327484278,249.778564453125
www.reddit.com_(Pixel 2).png,11,142,0,4.150903599455355,250.2561798095703
www.reddit.com_(Pixel 2).png,12,142,80,4.258965088885308,249.87380981445312
www.reddit.com_(Pixel 2).png,13,142,160,4.542315413496779,248.39979553222656
www.reddit.com_(Pixel 2).png,14,142,240,5.026932003245471,245.8173828125
www.reddit.com_(Pixel 2).png,15,142,320,5.184380844273972,248.198974609375
www.reddit.com_(Pixel 2).png,16,213,0,4.219776121309826,250.59579467773438
www.reddit.com_(Pixel 2).png,17,213,80,3.7075386067858886,250.47557067871094
www.reddit.com_(Pixel 2).png,18,213,160,4.925618382875502,236.47430419921875
www.reddit.com_(Pixel 2).png,19,213,240,5.153980738515096,190.29678344726562
www.reddit.com_(Pixel 2).png,20,213,320,5.2189987361492465,182.53469848632812
www.reddit.com_(Pixel 2).png,21,284,0,16.1487530988798,250.29159545898438
www.reddit.com_(Pixel 2).png,22,284,80,16.655350264224122,250.9446563720703
www.reddit.com_(Pixel 2).png,23,284,160,1.0,251.00392150878906
www.reddit.com_(Pixel 2).png,24,284,240,1.0,251.00392150878906
www.reddit.com_(Pixel 2).png,25,284,320,1.0085411934565836,251.0037841796875
www.reddit.com_(Pixel 2).png,26,355,0,4.1733993057852965,250.95985412597656
www.reddit.com_(Pixel 2).png,27,355,80,4.500817156879559,250.7373046875
www.reddit.com_(Pixel 2).png,28,355,160,4.628170428380545,250.94651794433594
www.reddit.com_(Pixel 2).png,29,355,240,6.344563552052321,250.97491455078125
www.reddit.com_(Pixel 2).png,30,355,320,5.938284202667188,250.83319091796875
www.reddit.com_(Pixel 2).png,31,426,0,3.1796165913263468,249.1159210205078
www.reddit.com_(Pixel 2).png,32,426,80,4.0043383848715,250.04595947265625
www.reddit.com_(Pixel 2).png,33,426,160,4.355746927786005,250.17111206054688
www.reddit.com_(Pixel 2).png,34,426,240,3.809843872285755,250.06015014648438
www.reddit.com_(Pixel 2).png,35,426,320,3.276580757410379,249.9720458984375
www.reddit.com_(Pixel 2).png,36,497,0,3.205530990759706,143.94602966308594
www.reddit.com_(Pixel 2).png,37,497,80,4.2350002511505505,122.80223083496094
www.reddit.com_(Pixel 2).png,38,497,160,6.42322279502708,123.32286071777344
www.reddit.com_(Pixel 2).png,39,497,240,4.264097737430097,145.55528259277344
www.reddit.com_(Pixel 2).png,40,497,320,3.060885767849245,178.49160766601562
www.reddit.com_(Pixel 2).png,41,568,0,2.1400708689749393,243.5043182373047
www.reddit.com_(Pixel 2).png,42,568,80,1.8896071886959427,242.02581787109375
www.reddit.com_(Pixel 2).png,43,568,160,3.424717894575813,244.48712158203125
www.reddit.com_(Pixel 2).png,44,568,240,3.364924309251314,246.24176025390625
www.reddit.com_(Pixel 2).png,45,568,320,1.7432514633796201,246.44998168945312
www.reddit.com_(Pixel 2).png,46,639,0,10.357338830621096,248.51730346679688
www.reddit.com_(Pixel 2).png,47,639,80,8.071202474779302,250.9553680419922
www.reddit.com_(Pixel 2).png,48,639,160,6.2461338038747005,250.980224609375
www.reddit.com_(Pixel 2).png,49,639,240,5.084865335820928,250.9813232421875
www.reddit.com_(Pixel 2).png,50,639,320,4.814535176915256,250.9780731201172
www.sainsburys.co.uk_(Pixel 2).png,1,0,0,2.934485569132421,250.27378845214844
www.sainsburys.co.uk_(Pixel 2).png,2,0,80,2.9620695837652393,250.66842651367188
www.sainsburys.co.uk_(Pixel 2).png,3,0,160,7.475468257123801,250.99774169921875
www.sainsburys.co.uk_(Pixel 2).png,4,0,240,5.288709027742119,250.99398803710938
www.sainsburys.co.uk_(Pixel 2).png,5,0,320,6.676816099685502,250.98675537109375
www.sainsburys.co.uk_(Pixel 2).png,6,71,0,8.678188747650339,219.8388671875
www.sainsburys.co.uk_(Pixel 2).png,7,71,80,8.075004236151159,239.4962615966797
www.sainsburys.co.uk_(Pixel 2).png,8,71,160,1.080549553981203,224.23353576660156
www.sainsburys.co.uk_(Pixel 2).png,9,71,240,8.621999098071544,239.62506103515625
www.sainsburys.co.uk_(Pixel 2).png,10,71,320,7.9574209676849215,235.1652069091797
www.sainsburys.co.uk_(Pixel 2).png,11,142,0,1.0794819457455627,203.18951416015625
www.sainsburys.co.uk_(Pixel 2).png,12,142,80,8.25915792410351,233.64312744140625
www.sainsburys.co.uk_(Pixel 2).png,13,142,160,1.079212732653536,206.3588104248047
www.sainsburys.co.uk_(Pixel 2).png,14,142,240,7.463146493992264,235.60716247558594
www.sainsburys.co.uk_(Pixel 2).png,15,142,320,1.0793188974679648,226.69976806640625
www.sainsburys.co.uk_(Pixel 2).png,16,213,0,1.0820349439321562,186.0515594482422
www.sainsburys.co.uk_(Pixel 2).png,17,213,80,8.661753240230135,219.68019104003906
www.sainsburys.co.uk_(Pixel 2).png,18,213,160,1.0794659099073192,189.65553283691406
www.sainsburys.co.uk_(Pixel 2).png,19,213,240,7.4261616148151255,219.44699096679688
www.sainsburys.co.uk_(Pixel 2).png,20,213,320,8.08277534178156,210.14743041992188
www.sainsburys.co.uk_(Pixel 2).png,21,284,0,7.545358648938773,220.02232360839844
www.sainsburys.co.uk_(Pixel 2).png,22,284,80,7.582819841979402,244.27041625976562
www.sainsburys.co.uk_(Pixel 2).png,23,284,160,1.0805317693418095,230.4816131591797
www.sainsburys.co.uk_(Pixel 2).png,24,284,240,8.371114635679824,244.2349853515625
www.sainsburys.co.uk_(Pixel 2).png,25,284,320,3.385756163945623,223.1979217529297
www.sainsburys.co.uk_(Pixel 2).png,26,355,0,10.978509449530545,175.57098388671875
www.sainsburys.co.uk_(Pixel 2).png,27,355,80,4.793502490700344,222.9915771484375
www.sainsburys.co.uk_(Pixel 2).png,28,355,160,3.672253529730906,228.15008544921875
www.sainsburys.co.uk_(Pixel 2).png,29,355,240,5.019314831930341,228.6011505126953
www.sainsburys.co.uk_(Pixel 2).png,30,355,320,3.273536972957311,89.42889404296875
www.sainsburys.co.uk_(Pixel 2).png,31,426,0,9.143434361257903,45.268550872802734
www.sainsburys.co.uk_(Pixel 2).png,32,426,80,6.924680089981284,37.10465621948242
www.sainsburys.co.uk_(Pixel 2).png,33,426,160,6.3977756725001065,131.88320922851562
www.sainsburys.co.uk_(Pixel 2).png,34,426,240,5.722342290513928,66.40937042236328
www.sainsburys.co.uk_(Pixel 2).png,35,426,320,4.916935423115223,30.346927642822266
www.sainsburys.co.uk_(Pixel 2).png,36,497,0,6.902214115280585,245.08775329589844
www.sainsburys.co.uk_(Pixel 2).png,37,497,80,6.970596127425304,240.2188262939453
www.sainsburys.co.uk_(Pixel 2).png,38,497,160,6.638330623793106,212.99716186523438
www.sainsburys.co.uk_(Pixel 2).png,39,497,240,5.964420352550255,215.97996520996094
www.sainsburys.co.uk_(Pixel 2).png,40,497,320,5.514764488938382,216.8192138671875
www.sainsburys.co.uk_(Pixel 2).png,41,568,0,5.665907524921428,250.20252990722656
www.sainsburys.co.uk_(Pixel 2).png,42,568,80,5.999625351456982,249.80979919433594
www.sainsburys.co.uk_(Pixel 2).png,43,568,160,5.722382967764707,249.6912841796875
www.sainsburys.co.uk_(Pixel 2).png,44,568,240,5.843889118614576,249.92770385742188
www.sainsburys.co.uk_(Pixel 2).png,45,568,320,6.173287151545151,249.8546905517578
www.sainsburys.co.uk_(Pixel 2).png,46,639,0,2.96220065972637,119.17892456054688
www.sainsburys.co.uk_(Pixel 2).png,47,639,80,2.888721814187761,154.73947143554688
www.sainsburys.co.uk_(Pixel 2).png,48,639,160,2.9171897554769974,98.88963317871094
www.sainsburys.co.uk_(Pixel 2).png,49,639,240,2.9096939231739856,123.56871032714844
www.sainsburys.co.uk_(Pixel 2).png,50,639,320,3.013800153685823,159.18724060058594
www.waitrose.com_(Pixel 2).png,1,0,0,4.336375367343246,250.78659057617188
www.waitrose.com_(Pixel 2).png,2,0,80,4.4291787240294465,250.77716064453125
www.waitrose.com_(Pixel 2).png,3,0,160,4.225671588016383,250.72946166992188
www.waitrose.com_(Pixel 2).png,4,0,240,4.3610806823282,250.69085693359375
www.waitrose.com_(Pixel 2).png,5,0,320,3.6823632973597538,250.72039794921875
www.waitrose.com_(Pixel 2).png,6,71,0,4.538767751702557,250.99346923828125
www.waitrose.com_(Pixel 2).png,7,71,80,4.570925929833456,250.81494140625
www.waitrose.com_(Pixel 2).png,8,71,160,4.2251797175128845,250.75473022460938
www.waitrose.com_(Pixel 2).png,9,71,240,4.610356462396102,250.90921020507812
www.waitrose.com_(Pixel 2).png,10,71,320,4.228384910874723,250.9418182373047
www.waitrose.com_(Pixel 2).png,11,142,0,2.1769450665799237,250.26144409179688
www.waitrose.com_(Pixel 2).png,12,142,80,2.197851658001954,250.18174743652344
www.waitrose.com_(Pixel 2).png,13,142,160,1.1601150961030002,250.33055114746094
www.waitrose.com_(Pixel 2).png,14,142,240,1.1601150961030002,250.33055114746094
www.waitrose.com_(Pixel 2).png,15,142,320,7.168110837295986,250.36050415039062
www.waitrose.com_(Pixel 2).png,16,213,0,5.3319744554580915,196.0192108154297
www.waitrose.com_(Pixel 2).png,17,213,80,7.178601851239561,209.83460998535156
www.waitrose.com_(Pixel 2).png,18,213,160,4.852620757922769,199.3152313232422
www.waitrose.com_(Pixel 2).png,19,213,240,3.795084192470808,209.4245147705078
www.waitrose.com_(Pixel 2).png,20,213,320,4.213634213043087,198.9331512451172
www.waitrose.com_(Pixel 2).png,21,284,0,9.392332431578584,217.69569396972656
www.waitrose.com_(Pixel 2).png,22,284,80,3.196865377280273,-1.2949395179748535
www.waitrose.com_(Pixel 2).png,23,284,160,5.745932848830839,131.22865295410156
www.waitrose.com_(Pixel 2).png,24,284,240,2.9283355042418124,17.897335052490234
www.waitrose.com_(Pixel 2).png,25,284,320,6.590792054894936,106.00736236572266
www.waitrose.com_(Pixel 2).png,26,355,0,10.703804142823062,212.60464477539062
www.waitrose.com_(Pixel 2).png,27,355,80,3.6375032962256477,2.3005547523498535
www.waitrose.com_(Pixel 2).png,28,355,160,7.629641342958256,150.67361450195312
www.waitrose.com_(Pixel 2).png,29,355,240,3.608496449858159,17.50337791442871
www.waitrose.com_(Pixel 2).png,30,355,320,9.554573885278591,173.2471923828125
www.waitrose.com_(Pixel 2).png,31,426,0,7.456362009244481,239.98831176757812
www.waitrose.com_(Pixel 2).png,32,426,80,6.500944675344121,201.7852325439453
www.waitrose.com_(Pixel 2).png,33,426,160,5.731122549612057,222.3876190185547
www.waitrose.com_(Pixel 2).png,34,426,240,4.564814921990586,134.1106719970703
www.waitrose.com_(Pixel 2).png,35,426,320,4.582731262104056,187.98390197753906
www.waitrose.com_(Pixel 2).png,36,497,0,6.621114023218584,204.519775390625
www.waitrose.com_(Pixel 2).png,37,497,80,3.9514147963768034,1.2922310829162598
www.waitrose.com_(Pixel 2).png,38,497,160,5.746971699880718,169.6403350830078
www.waitrose.com_(Pixel 2).png,39,497,240,3.7911653152367966,1.5470061302185059
www.waitrose.com_(Pixel 2).png,40,497,320,7.789972528585316,149.47677612304688
www.waitrose.com_(Pixel 2).png,41,568,0,8.464213232133275,199.4226531982422
www.waitrose.com_(Pixel 2).png,42,568,80,2.497577688077826,-0.8189685344696045
www.waitrose.com_(Pixel 2).png,43,568,160,5.794973417095864,157.37110900878906
www.waitrose.com_(Pixel 2).png,44,568,240,3.001933847121888,-0.8599202632904053
www.waitrose.com_(Pixel 2).png,45,568,320,9.11066006652919,163.7442169189453
www.waitrose.com_(Pixel 2).png,46,639,0,12.983519334899102,198.3985595703125
www.waitrose.com_(Pixel 2).png,47,639,80,10.723327030778021,74.42011260986328
www.waitrose.com_(Pixel 2).png,48,639,160,14.734315402776605,173.9981231689453
www.waitrose.com_(Pixel 2).png,49,639,240,11.837402182435168,163.55746459960938
www.waitrose.com_(Pixel 2).png,50,639,320,8.72175154860934,232.0567626953125
